time_s,adc,target,integral,error,kp,ki,output_x100,duty
0.0010004043579101562,2033,2048,-294,15,0.01,0.002,4956,50
0.07499861717224121,2029,2048,-292,19,0.01,0.002,4961,50
0.10954022407531738,2020,2048,-289,28,0.01,0.002,4970,50
0.21204590797424316,2026,2048,-287,22,0.01,0.002,4965,50
0.3200507164001465,2036,2048,-286,12,0.01,0.002,4955,50
0.42804598808288574,2024,2048,-283,24,0.01,0.002,4967,50
0.5365142822265625,2026,2048,-281,22,0.01,0.002,4966,50
0.6435136795043945,2025,2048,-279,23,0.01,0.002,4967,50
0.7521779537200928,2022,2048,-276,26,0.01,0.002,4971,50
0.8601775169372559,2026,2048,-274,22,0.01,0.002,4967,50
0.96817946434021,2031,2048,-272,17,0.01,0.002,4962,50
1.0752313137054443,2024,2048,-270,24,0.01,0.002,4970,50
1.1832311153411865,2029,2048,-268,19,0.01,0.002,4965,50
1.292231798171997,2023,2048,-266,25,0.01,0.002,4972,50
1.399397611618042,2028,2048,-264,20,0.01,0.002,4967,50
1.5073978900909424,2036,2048,-262,12,0.01,0.002,4959,50
1.6152236461639404,2036,2048,-261,12,0.01,0.002,4960,50
1.7238173484802246,2028,2048,-259,20,0.01,0.002,4968,50
1.8318185806274414,2034,2048,-258,14,0.01,0.002,4962,50
1.9392333030700684,2022,2048,-255,26,0.01,0.002,4975,50
2.0472331047058105,2033,2048,-254,15,0.01,0.002,4964,50
2.1549739837646484,2028,2048,-252,20,0.01,0.002,4970,50
2.263359546661377,2033,2048,-250,15,0.01,0.002,4965,50
2.3713560104370117,2053,2048,-251,-5,0.01,0.002,4945,49
2.479356050491333,2008,2048,-247,40,0.01,0.002,4991,50
2.5873568058013916,2035,2048,-245,13,0.01,0.002,4964,50
2.695378541946411,2029,2048,-244,19,0.01,0.002,4970,50
2.8029208183288574,2037,2048,-242,11,0.01,0.002,4962,50
2.9109184741973877,2037,2048,-241,11,0.01,0.002,4963,50
3.018918514251709,2032,2048,-240,16,0.01,0.002,4968,50
3.1269190311431885,2039,2048,-239,9,0.01,0.002,4961,50
3.2351326942443848,2037,2048,-238,11,0.01,0.002,4963,50
3.342940330505371,2031,2048,-236,17,0.01,0.002,4970,50
3.4505038261413574,2037,2048,-235,11,0.01,0.002,4964,50
3.5585033893585205,2013,2048,-231,35,0.01,0.002,4989,50
3.666503429412842,2020,2048,-229,28,0.01,0.002,4982,50
3.774503231048584,2027,2048,-227,21,0.01,0.002,4976,50
3.8825035095214844,2034,2048,-225,14,0.01,0.002,4969,50
3.9905033111572266,2036,2048,-224,12,0.01,0.002,4967,50
4.098503351211548,2044,2048,-224,4,0.01,0.002,4959,50
4.206503391265869,2037,2048,-222,11,0.01,0.002,4966,50
4.3145482540130615,2033,2048,-221,15,0.01,0.002,4971,50
4.422548055648804,2032,2048,-219,16,0.01,0.002,4972,50
4.530550003051758,2032,2048,-218,16,0.01,0.002,4972,50
4.638062953948975,2033,2048,-216,15,0.01,0.002,4972,50
4.74558424949646,2028,2048,-214,20,0.01,0.002,4977,50
4.8537516593933105,2032,2048,-213,16,0.01,0.002,4973,50
4.962317228317261,2028,2048,-211,20,0.01,0.002,4978,50
5.070317983627319,2032,2048,-209,16,0.01,0.002,4974,50
5.178318023681641,2032,2048,-207,16,0.01,0.002,4974,50
5.286319971084595,2028,2048,-205,20,0.01,0.002,4979,50
5.39331841468811,2033,2048,-204,15,0.01,0.002,4974,50
5.501319169998169,2036,2048,-203,12,0.01,0.002,4971,50
5.609317302703857,2033,2048,-201,15,0.01,0.002,4975,50
5.717318296432495,2029,2048,-199,19,0.01,0.002,4979,50
5.825317859649658,2036,2048,-198,12,0.01,0.002,4972,50
5.9333176612854,2012,2048,-195,36,0.01,0.002,4997,50
6.0413172245025635,2032,2048,-193,16,0.01,0.002,4977,50
6.149317264556885,2032,2048,-191,16,0.01,0.002,4978,50
6.257317543029785,2035,2048,-190,13,0.01,0.002,4975,50
6.365317344665527,2034,2048,-189,14,0.01,0.002,4976,50
6.4728827476501465,2033,2048,-187,15,0.01,0.002,4977,50
6.58074164390564,2036,2048,-186,12,0.01,0.002,4975,50
6.6894872188568115,2032,2048,-184,16,0.01,0.002,4979,50
6.796814918518066,2039,2048,-183,9,0.01,0.002,4972,50
6.905492544174194,2036,2048,-182,12,0.01,0.002,4975,50
7.012490749359131,2040,2048,-181,8,0.01,0.002,4972,50
7.120490312576294,2041,2048,-181,7,0.01,0.002,4971,50
7.2285308837890625,2036,2048,-180,12,0.01,0.002,4976,50
7.33656907081604,2032,2048,-178,16,0.01,0.002,4980,50
7.444438695907593,2036,2048,-177,12,0.01,0.002,4977,50
7.552438735961914,2036,2048,-176,12,0.01,0.002,4977,50
7.661122798919678,2040,2048,-175,8,0.01,0.002,4973,50
7.769122362136841,2032,2048,-173,16,0.01,0.002,4981,50
7.876121997833252,2041,2048,-172,7,0.01,0.002,4972,50
7.984763145446777,2036,2048,-171,12,0.01,0.002,4978,50
8.092528343200684,2042,2048,-171,6,0.01,0.002,4972,50
8.199913501739502,2035,2048,-169,13,0.01,0.002,4979,50
8.30842399597168,2034,2048,-168,14,0.01,0.002,4980,50
8.41642165184021,2039,2048,-167,9,0.01,0.002,4976,50
8.524400234222412,2038,2048,-166,10,0.01,0.002,4977,50
8.632400274276733,2044,2048,-166,4,0.01,0.002,4971,50
8.740403652191162,2037,2048,-165,11,0.01,0.002,4978,50
8.84788727760315,2036,2048,-163,12,0.01,0.002,4979,50
8.956393957138062,2037,2048,-162,11,0.01,0.002,4978,50
9.064397811889648,2053,2048,-163,-5,0.01,0.002,4962,50
9.171395540237427,2033,2048,-161,15,0.01,0.002,4983,50
9.279393434524536,2041,2048,-161,7,0.01,0.002,4975,50
9.387613773345947,2039,2048,-160,9,0.01,0.002,4977,50
9.495613813400269,2036,2048,-158,12,0.01,0.002,4980,50
9.603559494018555,2037,2048,-157,11,0.01,0.002,4979,50
9.711777448654175,2040,2048,-157,8,0.01,0.002,4977,50
9.819259643554688,2037,2048,-155,11,0.01,0.002,4980,50
9.927388429641724,2034,2048,-154,14,0.01,0.002,4983,50
10.035690307617188,2034,2048,-153,14,0.01,0.002,4983,50
10.143724918365479,2038,2048,-152,10,0.01,0.002,4980,50
10.251725912094116,2037,2048,-151,11,0.01,0.002,4981,50
10.359723806381226,2032,2048,-149,16,0.01,0.002,4986,50
10.467725992202759,2032,2048,-147,16,0.01,0.002,4986,50
10.575684309005737,2038,2048,-146,10,0.01,0.002,4981,50
10.682721376419067,2036,2048,-145,12,0.01,0.002,4983,50
10.790725231170654,2036,2048,-144,12,0.01,0.002,4983,50
10.89872145652771,2037,2048,-143,11,0.01,0.002,4982,50
11.00672173500061,2038,2048,-142,10,0.01,0.002,4982,50
11.11462688446045,2044,2048,-141,4,0.01,0.002,4976,50
11.222545623779297,2034,2048,-140,14,0.01,0.002,4986,50
11.330852508544922,2037,2048,-139,11,0.01,0.002,4983,50
11.439196825027466,2036,2048,-138,12,0.01,0.002,4984,50
11.547197103500366,2044,2048,-137,4,0.01,0.002,4976,50
11.654196739196777,2041,2048,-137,7,0.01,0.002,4980,50
11.762197256088257,2036,2048,-135,12,0.01,0.002,4985,50
11.871197938919067,2040,2048,-135,8,0.01,0.002,4981,50
11.978238344192505,2041,2048,-134,7,0.01,0.002,4980,50
12.086237907409668,2037,2048,-133,11,0.01,0.002,4984,50
12.19423770904541,2040,2048,-132,8,0.01,0.002,4982,50
12.302294731140137,2036,2048,-131,12,0.01,0.002,4986,50
12.410295248031616,2044,2048,-130,4,0.01,0.002,4978,50
12.518666744232178,2031,2048,-129,17,0.01,0.002,4991,50
12.626666784286499,2034,2048,-127,14,0.01,0.002,4988,50
12.733683824539185,2040,2048,-127,8,0.01,0.002,4983,50
12.842546939849854,2036,2048,-125,12,0.01,0.002,4987,50
12.949769496917725,2034,2048,-124,14,0.01,0.002,4989,50
13.058114528656006,2038,2048,-123,10,0.01,0.002,4985,50
13.166100263595581,2036,2048,-122,12,0.01,0.002,4988,50
13.274100542068481,2038,2048,-121,10,0.01,0.002,4986,50
13.381957769393921,2041,2048,-120,7,0.01,0.002,4983,50
13.48996114730835,2041,2048,-119,7,0.01,0.002,4983,50
13.597962379455566,2041,2048,-119,7,0.01,0.002,4983,50
13.705515384674072,2035,2048,-117,13,0.01,0.002,4989,50
13.813515663146973,2037,2048,-116,11,0.01,0.002,4988,50
13.921514987945557,2034,2048,-115,14,0.01,0.002,4991,50
14.029515266418457,2034,2048,-113,14,0.01,0.002,4991,50
14.13750696182251,2041,2048,-113,7,0.01,0.002,4984,50
14.245507001876831,2051,2048,-113,-3,0.01,0.002,4974,50
14.353507041931152,2041,2048,-112,7,0.01,0.002,4984,50
14.461507320404053,2038,2048,-111,10,0.01,0.002,4988,50
14.569729804992676,2047,2048,-111,1,0.01,0.002,4979,50
14.677061557769775,2043,2048,-111,5,0.01,0.002,4983,50
14.785064697265625,2041,2048,-110,7,0.01,0.002,4985,50
14.893131256103516,2048,2048,-110,0,0.01,0.002,4978,50
15.001131534576416,2036,2048,-109,12,0.01,0.002,4990,50
15.109052181243896,2036,2048,-108,12,0.01,0.002,4990,50
15.217051982879639,2039,2048,-107,9,0.01,0.002,4988,50
15.32505178451538,2044,2048,-106,4,0.01,0.002,4983,50
15.433093309402466,2041,2048,-106,7,0.01,0.002,4986,50
15.541093349456787,2039,2048,-105,9,0.01,0.002,4988,50
15.649188756942749,2045,2048,-104,3,0.01,0.002,4982,50
15.75718879699707,2039,2048,-104,9,0.01,0.002,4988,50
15.865190267562866,2045,2048,-103,3,0.01,0.002,4982,50
15.972188949584961,2045,2048,-103,3,0.01,0.002,4982,50
16.080188751220703,2039,2048,-102,9,0.01,0.002,4989,50
16.188447952270508,2039,2048,-101,9,0.01,0.002,4989,50
16.296805381774902,2043,2048,-101,5,0.01,0.002,4985,50
16.404805183410645,2036,2048,-99,12,0.01,0.002,4992,50
16.5118510723114,2039,2048,-99,9,0.01,0.002,4989,50
16.619851112365723,2033,2048,-97,15,0.01,0.002,4996,50
16.728851318359375,2041,2048,-96,7,0.01,0.002,4988,50
16.836851119995117,2034,2048,-95,14,0.01,0.002,4995,50
16.943850994110107,2041,2048,-94,7,0.01,0.002,4988,50
17.052260160446167,2047,2048,-94,1,0.01,0.002,4982,50
17.16025948524475,2039,2048,-93,9,0.01,0.002,4990,50
17.268260717391968,2040,2048,-92,8,0.01,0.002,4989,50
17.376259803771973,2057,2048,-93,-9,0.01,0.002,4972,50
17.484258890151978,2041,2048,-93,7,0.01,0.002,4988,50
17.591623067855835,2045,2048,-92,3,0.01,0.002,4984,50
17.699623107910156,2041,2048,-92,7,0.01,0.002,4989,50
17.807912826538086,2047,2048,-92,1,0.01,0.002,4983,50
17.916259288787842,2065,2048,-93,-17,0.01,0.002,4964,50
18.023258686065674,2036,2048,-92,12,0.01,0.002,4994,50
18.131222248077393,2037,2048,-91,11,0.01,0.002,4993,50
18.23922109603882,2039,2048,-90,9,0.01,0.002,4991,50
18.34722113609314,2034,2048,-89,14,0.01,0.002,4996,50
18.45523953437805,2037,2048,-88,11,0.01,0.002,4993,50
18.563239574432373,2042,2048,-87,6,0.01,0.002,4989,50
18.67168617248535,2041,2048,-86,7,0.01,0.002,4990,50
18.778687477111816,2045,2048,-86,3,0.01,0.002,4986,50
18.887686014175415,2046,2048,-86,2,0.01,0.002,4985,50
18.994686126708984,2041,2048,-85,7,0.01,0.002,4990,50
19.102686882019043,2036,2048,-84,12,0.01,0.002,4995,50
19.210729598999023,2041,2048,-83,7,0.01,0.002,4990,50
19.318962574005127,2047,2048,-83,1,0.01,0.002,4984,50
19.4271457195282,2042,2048,-82,6,0.01,0.002,4989,50
19.534473657608032,2036,2048,-81,12,0.01,0.002,4996,50
19.642242431640625,2042,2048,-81,6,0.01,0.002,4990,50
19.750560522079468,2041,2048,-80,7,0.01,0.002,4991,50
19.859099626541138,2046,2048,-80,2,0.01,0.002,4986,50
19.96709895133972,2045,2048,-79,3,0.01,0.002,4987,50
20.07409906387329,2045,2048,-79,3,0.01,0.002,4987,50
20.182099103927612,2044,2048,-79,4,0.01,0.002,4988,50
20.290099143981934,2038,2048,-78,10,0.01,0.002,4994,50
20.398101568222046,2039,2048,-77,9,0.01,0.002,4994,50
20.506099224090576,2041,2048,-76,7,0.01,0.002,4992,50
20.614100217819214,2045,2048,-76,3,0.01,0.002,4988,50
20.72209930419922,1922,2048,-63,126,0.01,0.002,5113,51
20.83009910583496,2040,2048,-62,8,0.01,0.002,4995,50
20.938099145889282,2044,2048,-62,4,0.01,0.002,4992,50
21.04632592201233,2042,2048,-61,6,0.01,0.002,4994,50
21.153669118881226,2053,2048,-62,-5,0.01,0.002,4983,50
21.26166844367981,2041,2048,-61,7,0.01,0.002,4995,50
21.369701623916626,2041,2048,-61,7,0.01,0.002,4995,50
21.47770071029663,2047,2048,-60,1,0.01,0.002,4989,50
21.585703134536743,2037,2048,-59,11,0.01,0.002,4999,50
21.693519830703735,2046,2048,-59,2,0.01,0.002,4990,50
21.801388263702393,2050,2048,-59,-2,0.01,0.002,4986,50
21.909388303756714,2029,2048,-57,19,0.01,0.002,5007,50
22.017388582229614,2045,2048,-57,3,0.01,0.002,4991,50
22.125388145446777,2041,2048,-56,7,0.01,0.002,4996,50
22.233388423919678,2038,2048,-55,10,0.01,0.002,4999,50
22.341388463974,2039,2048,-55,9,0.01,0.002,4998,50
22.44938850402832,2046,2048,-54,2,0.01,0.002,4991,50
22.557388305664062,2041,2048,-54,7,0.01,0.002,4996,50
22.664698600769043,2044,2048,-53,4,0.01,0.002,4993,50
22.773255348205566,2047,2048,-53,1,0.01,0.002,4990,50
22.881258726119995,2041,2048,-52,7,0.01,0.002,4996,50
22.989253997802734,2042,2048,-52,6,0.01,0.002,4996,50
23.097254037857056,1996,2048,-47,52,0.01,0.002,5043,50
23.205254077911377,2050,2048,-47,-2,0.01,0.002,4989,50
23.3132541179657,2053,2048,-47,-5,0.01,0.002,4985,50
23.42037343978882,2039,2048,-46,9,0.01,0.002,5000,50
23.52837324142456,2041,2048,-46,7,0.01,0.002,4998,50
23.767293691635132,2047,2048,0,1,0.01,0.002,5001,50
23.875340223312378,2050,2048,0,-2,0.01,0.002,4998,50
23.98333978652954,2044,2048,0,4,0.01,0.002,5004,50
24.090340614318848,2052,2048,0,-4,0.01,0.002,4996,50
24.198339462280273,2044,2048,0,4,0.01,0.002,5004,50
24.304603099822998,2055,2048,0,-7,0.01,0.002,4993,50
24.412941217422485,2044,2048,0,4,0.01,0.002,5004,50
24.519941329956055,2081,2048,-3,-33,0.01,0.002,4966,50
24.627941131591797,2049,2048,-3,-1,0.01,0.002,4998,50
24.735941410064697,2044,2048,-2,4,0.01,0.002,5003,50
24.84394121170044,2052,2048,-3,-4,0.01,0.002,4995,50
24.951941967010498,2044,2048,-2,4,0.01,0.002,5003,50
25.05994153022766,2050,2048,-3,-2,0.01,0.002,4997,50
25.167941093444824,2049,2048,-3,-1,0.01,0.002,4998,50
25.274941205978394,2042,2048,-2,6,0.01,0.002,5005,50
25.382941007614136,2046,2048,-2,2,0.01,0.002,5002,50
25.49094319343567,2043,2048,-1,5,0.01,0.002,5005,50
25.599486827850342,2044,2048,-1,4,0.01,0.002,5004,50
25.70749068260193,2053,2048,-2,-5,0.01,0.002,4995,50
25.81476140022278,2045,2048,-1,3,0.01,0.002,5003,50
25.9229838848114,2042,2048,-1,6,0.01,0.002,5006,50
26.030689239501953,2045,2048,0,3,0.01,0.002,5003,50
26.137727737426758,2044,2048,0,4,0.01,0.002,5004,50
26.24472737312317,2040,2048,0,8,0.01,0.002,5008,50
26.35172748565674,2040,2048,1,8,0.01,0.002,5008,50
26.458727836608887,2044,2048,1,4,0.01,0.002,5004,50
26.565727710723877,2044,2048,1,4,0.01,0.002,5004,50
26.672236680984497,2047,2048,2,1,0.01,0.002,5001,50
26.77923607826233,2046,2048,2,2,0.01,0.002,5002,50
26.886237144470215,2044,2048,2,4,0.01,0.002,5005,50
26.99323606491089,2047,2048,2,1,0.01,0.002,5002,50
27.100239753723145,2045,2048,3,3,0.01,0.002,5004,50
27.20723605155945,2040,2048,3,8,0.01,0.002,5009,50
27.314236164093018,2049,2048,3,-1,0.01,0.002,5000,50
27.42223596572876,2055,2048,3,-7,0.01,0.002,4994,50
27.53057551383972,2042,2048,3,6,0.01,0.002,5007,50
27.636869192123413,2042,2048,4,6,0.01,0.002,5007,50
27.744282722473145,2055,2048,3,-7,0.01,0.002,4994,50
27.85229182243347,2051,2048,3,-3,0.01,0.002,4998,50
27.959444046020508,2044,2048,3,4,0.01,0.002,5005,50
28.06644368171692,2039,2048,4,9,0.01,0.002,5010,50
28.17410659790039,2048,2048,4,0,0.01,0.002,5001,50
28.281105756759644,2052,2048,4,-4,0.01,0.002,4997,50
28.389105796813965,2052,2048,3,-4,0.01,0.002,4997,50
28.497105836868286,2028,2048,5,20,0.01,0.002,5021,50
28.605107069015503,2046,2048,5,2,0.01,0.002,5003,50
28.711615324020386,2053,2048,5,-5,0.01,0.002,4996,50
28.81961464881897,2050,2048,5,-2,0.01,0.002,4999,50
28.927614212036133,2049,2048,5,-1,0.01,0.002,5000,50
29.035614490509033,2044,2048,5,4,0.01,0.002,5005,50
29.141878843307495,2048,2048,5,0,0.01,0.002,5001,50
29.249232053756714,2049,2048,5,-1,0.01,0.002,5000,50
29.35723352432251,2044,2048,5,4,0.01,0.002,5005,50
29.464232921600342,2047,2048,5,1,0.01,0.002,5002,50
29.57123303413391,2044,2048,6,4,0.01,0.002,5005,50
29.678763151168823,2059,2048,5,-11,0.01,0.002,4990,50
29.78576374053955,2046,2048,5,2,0.01,0.002,5003,50
29.892764568328857,2049,2048,5,-1,0.01,0.002,5000,50
30.000763654708862,2072,2048,2,-24,0.01,0.002,4977,50
30.108764171600342,2060,2048,1,-12,0.01,0.002,4988,50
30.216765880584717,2042,2048,2,6,0.01,0.002,5006,50
30.323781728744507,2045,2048,2,3,0.01,0.002,5004,50
30.430781364440918,2045,2048,2,3,0.01,0.002,5004,50
30.53778076171875,2039,2048,3,9,0.01,0.002,5010,50
30.64478063583374,2041,2048,4,7,0.01,0.002,5008,50
30.751991987228394,2092,2048,0,-44,0.01,0.002,4956,50
30.859346866607666,2065,2048,-1,-17,0.01,0.002,4983,50
30.967346668243408,2040,2048,0,8,0.01,0.002,5008,50
31.074346780776978,2039,2048,0,9,0.01,0.002,5009,50
31.181347608566284,2045,2048,0,3,0.01,0.002,5003,50
31.288346767425537,2041,2048,1,7,0.01,0.002,5007,50
31.395346641540527,2048,2048,1,0,0.01,0.002,5000,50
31.502346754074097,2044,2048,1,4,0.01,0.002,5004,50
31.60934853553772,2050,2048,1,-2,0.01,0.002,4998,50
31.717348337173462,2053,2048,0,-5,0.01,0.002,4995,50
31.82534694671631,2045,2048,1,3,0.01,0.002,5003,50
31.931774616241455,2046,2048,1,2,0.01,0.002,5002,50
32.038774490356445,2047,2048,1,1,0.01,0.002,5001,50
32.145774364471436,2051,2048,1,-3,0.01,0.002,4997,50
32.25377416610718,2046,2048,1,2,0.01,0.002,5002,50
32.36096739768982,2047,2048,1,1,0.01,0.002,5001,50
32.46733355522156,2040,2048,2,8,0.01,0.002,5008,50
32.57433462142944,2049,2048,2,-1,0.01,0.002,4999,50
32.682334423065186,2057,2048,1,-9,0.01,0.002,4991,50
32.791011571884155,2050,2048,1,-2,0.01,0.002,4998,50
32.898011922836304,2042,2048,1,6,0.01,0.002,5006,50
33.00501346588135,2049,2048,1,-1,0.01,0.002,4999,50
33.113011598587036,2052,2048,1,-4,0.01,0.002,4996,50
33.221012353897095,2047,2048,1,1,0.01,0.002,5001,50
33.32801175117493,2048,2048,1,0,0.01,0.002,5000,50
33.43501138687134,2044,2048,1,4,0.01,0.002,5004,50
33.54201149940491,2042,2048,2,6,0.01,0.002,5006,50
33.64901161193848,2036,2048,3,12,0.01,0.002,5013,50
33.75701594352722,2084,2048,0,-36,0.01,0.002,4964,50
33.86501169204712,2037,2400,36,363,0.01,0.002,5370,54
33.97318506240845,2060,2400,70,340,0.01,0.002,5354,54
34.08153033256531,2072,2400,102,328,0.01,0.002,5349,53
34.18953037261963,2077,2400,135,323,0.01,0.002,5350,54
34.297531604766846,2097,2400,165,303,0.01,0.002,5336,53
34.40552997589111,2101,2400,195,299,0.01,0.002,5338,53
34.51353049278259,2111,2400,224,289,0.01,0.002,5334,53
34.621057987213135,2119,2400,252,281,0.01,0.002,5331,53
34.72905969619751,2119,2400,280,281,0.01,0.002,5337,53
34.83705806732178,2124,2400,308,276,0.01,0.002,5338,53
34.945059061050415,2135,2400,334,265,0.01,0.002,5332,53
35.05305790901184,2130,2400,361,270,0.01,0.002,5342,53
35.16105818748474,2140,2400,387,260,0.01,0.002,5338,53
35.26905798912048,2148,2400,412,252,0.01,0.002,5335,53
35.377058267593384,2149,2400,437,251,0.01,0.002,5339,53
35.48405838012695,2154,2400,462,246,0.01,0.002,5339,53
35.592312812805176,2146,2400,487,254,0.01,0.002,5352,54
35.70073962211609,2152,2400,512,248,0.01,0.002,5351,54
35.80884623527527,2160,2400,536,240,0.01,0.002,5347,53
35.91684675216675,2160,2400,560,240,0.01,0.002,5352,54
36.02384805679321,2133,2400,587,267,0.01,0.002,5384,54
36.13184690475464,2162,2400,611,238,0.01,0.002,5360,54
36.24003553390503,2172,2400,634,228,0.01,0.002,5355,54
36.348036766052246,2166,2400,657,234,0.01,0.002,5365,54
36.456034660339355,2173,2400,680,227,0.01,0.002,5363,54
36.56403636932373,2173,2400,702,227,0.01,0.002,5368,54
36.67218780517578,2180,2400,724,220,0.01,0.002,5365,54
36.78031253814697,2176,2400,747,224,0.01,0.002,5373,54
36.888312101364136,2179,2400,769,221,0.01,0.002,5375,54
36.996312379837036,2178,2400,791,222,0.01,0.002,5380,54
37.103312492370605,2089,2400,822,311,0.01,0.002,5476,55
37.211527824401855,2185,2400,844,215,0.01,0.002,5384,54
37.31988763809204,2139,2400,870,261,0.01,0.002,5435,54
37.42788910865784,2201,2400,890,199,0.01,0.002,5377,54
37.535887241363525,2193,2400,910,207,0.01,0.002,5389,54
37.64388680458069,2229,2400,927,171,0.01,0.002,5357,54
37.75188732147217,2199,2400,948,201,0.01,0.002,5391,54
37.85988759994507,2192,2400,968,208,0.01,0.002,5402,54
37.96788763999939,2196,2400,989,204,0.01,0.002,5402,54
38.075886726379395,2194,2400,1009,206,0.01,0.002,5408,54
38.182886838912964,2202,2400,1029,198,0.01,0.002,5404,54
38.29088759422302,2201,2400,1049,199,0.01,0.002,5409,54
38.399404764175415,2204,2400,1069,196,0.01,0.002,5410,54
38.507404804229736,2198,2400,1089,202,0.01,0.002,5420,54
38.61540460586548,2174,2400,1111,226,0.01,0.002,5448,54
38.7234046459198,2208,2400,1131,192,0.01,0.002,5418,54
38.83123564720154,2204,2400,1150,196,0.01,0.002,5426,54
38.93941378593445,2200,2400,1170,200,0.01,0.002,5434,54
39.046630859375,2209,2400,1189,191,0.01,0.002,5429,54
39.15462946891785,2205,2400,1209,195,0.01,0.002,5437,54
39.26262950897217,2220,2400,1227,180,0.01,0.002,5425,54
39.3706328868866,2209,2400,1246,191,0.01,0.002,5440,54
39.47862935066223,2213,2400,1265,187,0.01,0.002,5440,54
39.58662986755371,2212,2400,1283,188,0.01,0.002,5445,54
39.69462966918945,2213,2400,1302,187,0.01,0.002,5448,54
39.802629470825195,2212,2400,1321,188,0.01,0.002,5452,55
39.91062951087952,2220,2400,1339,180,0.01,0.002,5448,54
40.01862955093384,2214,2400,1357,186,0.01,0.002,5458,55
40.126631021499634,2228,2400,1375,172,0.01,0.002,5447,54
40.23462963104248,2225,2400,1392,175,0.01,0.002,5454,55
40.3426296710968,2224,2400,1410,176,0.01,0.002,5458,55
40.4508376121521,2225,2400,1427,175,0.01,0.002,5461,55
40.558655977249146,2225,2400,1445,175,0.01,0.002,5464,55
40.66670489311218,2225,2400,1462,175,0.01,0.002,5468,55
40.774704456329346,2227,2400,1480,173,0.01,0.002,5469,55
40.88277769088745,2228,2400,1497,172,0.01,0.002,5471,55
40.989776849746704,2249,2400,1512,151,0.01,0.002,5453,55
41.097776889801025,2188,2400,1533,212,0.01,0.002,5519,55
41.20577645301819,2234,2400,1550,166,0.01,0.002,5476,55
41.31377696990967,2238,2400,1566,162,0.01,0.002,5475,55
41.42177748680115,2231,2400,1583,169,0.01,0.002,5486,55
41.52977800369263,2228,2400,1600,172,0.01,0.002,5492,55
41.63777804374695,2236,2400,1616,164,0.01,0.002,5487,55
41.745776891708374,2239,2400,1632,161,0.01,0.002,5488,55
41.853776931762695,2235,2400,1649,165,0.01,0.002,5495,55
41.96177673339844,2238,2400,1665,162,0.01,0.002,5495,55
42.07006049156189,2237,2400,1681,163,0.01,0.002,5499,55
42.177403926849365,2232,2400,1698,168,0.01,0.002,5508,55
42.28540301322937,2249,2400,1713,151,0.01,0.002,5494,55
42.39340305328369,2245,2400,1729,155,0.01,0.002,5501,55
42.50140309333801,2239,2400,1745,161,0.01,0.002,5510,55
42.60948371887207,2249,2400,1760,151,0.01,0.002,5503,55
42.71704959869385,2244,2400,1776,156,0.01,0.002,5511,55
42.825045585632324,2241,2400,1792,159,0.01,0.002,5517,55
42.93304681777954,2251,2400,1806,149,0.01,0.002,5510,55
43.04108715057373,2245,2400,1822,155,0.01,0.002,5520,55
43.14910912513733,2261,2400,1836,139,0.01,0.002,5506,55
43.25710916519165,2256,2400,1850,144,0.01,0.002,5514,55
43.36510944366455,2256,2400,1865,144,0.01,0.002,5517,55
43.47310972213745,2247,2400,1880,153,0.01,0.002,5529,55
43.58110952377319,2248,2400,1895,152,0.01,0.002,5531,55
43.68935513496399,2248,2400,1910,152,0.01,0.002,5534,55
43.79719591140747,2250,2400,1925,150,0.01,0.002,5535,55
43.905192852020264,2252,2400,1940,148,0.01,0.002,5536,55
44.01319193840027,2256,2400,1955,144,0.01,0.002,5535,55
44.12119245529175,2247,2400,1970,153,0.01,0.002,5547,55
44.22819209098816,2253,2400,1985,147,0.01,0.002,5544,55
44.33719229698181,2265,2400,1998,135,0.01,0.002,5535,55
44.445191860198975,2268,2400,2011,132,0.01,0.002,5534,55
44.55219221115112,2256,2400,2026,144,0.01,0.002,5549,55
44.66019320487976,2269,2400,2039,131,0.01,0.002,5539,55
44.76823830604553,2265,2400,2052,135,0.01,0.002,5546,55
44.87623834609985,2272,2400,2065,128,0.01,0.002,5541,55
44.984238147735596,2258,2400,2079,142,0.01,0.002,5558,56
45.092238426208496,2263,2400,2093,137,0.01,0.002,5556,56
45.20047736167908,2264,2400,2107,136,0.01,0.002,5557,56
45.30867910385132,2261,2400,2120,139,0.01,0.002,5563,56
45.41611671447754,2264,2400,2134,136,0.01,0.002,5563,56
45.52412009239197,2265,2400,2148,135,0.01,0.002,5565,56
45.63211941719055,2270,2400,2161,130,0.01,0.002,5562,56
45.74011969566345,2268,2400,2174,132,0.01,0.002,5567,56
45.848119497299194,2268,2400,2187,132,0.01,0.002,5570,56
45.95612359046936,2268,2400,2200,132,0.01,0.002,5572,56
46.064120292663574,2279,2400,2212,121,0.01,0.002,5564,56
46.17211937904358,2276,2400,2225,124,0.01,0.002,5569,56
46.28012013435364,2272,2400,2237,128,0.01,0.002,5576,56
46.38811945915222,2268,2400,2251,132,0.01,0.002,5582,56
46.49611949920654,2273,2400,2263,127,0.01,0.002,5580,56
46.604119300842285,2270,2400,2276,130,0.01,0.002,5585,56
46.712120056152344,2267,2400,2290,133,0.01,0.002,5591,56
46.8201208114624,2274,2400,2302,126,0.01,0.002,5587,56
46.9275438785553,2304,2400,2312,96,0.01,0.002,5558,56
47.035911083221436,2267,2400,2325,133,0.01,0.002,5598,56
47.1429123878479,2278,2400,2337,122,0.01,0.002,5590,56
47.25091099739075,2281,2400,2349,119,0.01,0.002,5589,56
47.35904622077942,2284,2400,2361,116,0.01,0.002,5588,56
47.46749138832092,2277,2400,2373,123,0.01,0.002,5598,56
47.575491189956665,2297,2400,2383,103,0.01,0.002,5580,56
47.683491945266724,2283,2400,2395,117,0.01,0.002,5596,56
47.79149127006531,2279,2400,2407,121,0.01,0.002,5603,56
47.8989577293396,2285,2400,2419,115,0.01,0.002,5599,56
48.006975173950195,2237,2400,2435,163,0.01,0.002,5650,57
48.114975452423096,2288,2400,2446,112,0.01,0.002,5601,56
48.2229745388031,2284,2400,2458,116,0.01,0.002,5608,56
48.33097434043884,2284,2400,2470,116,0.01,0.002,5610,56
48.43897461891174,2248,2400,2485,152,0.01,0.002,5649,56
48.54725742340088,2294,2400,2495,106,0.01,0.002,5605,56
48.65467119216919,2288,2400,2507,112,0.01,0.002,5613,56
48.76267123222351,2276,2400,2519,124,0.01,0.002,5628,56
48.87067103385925,2293,2400,2530,107,0.01,0.002,5613,56
48.97866225242615,2300,2400,2540,100,0.01,0.002,5608,56
49.08666253089905,2291,2400,2550,109,0.01,0.002,5619,56
49.19466233253479,2300,2400,2560,100,0.01,0.002,5612,56
49.30266237258911,2288,2400,2572,112,0.01,0.002,5626,56
49.4100923538208,2297,2400,2582,103,0.01,0.002,5620,56
49.518091440200806,2288,2400,2593,112,0.01,0.002,5631,56
49.62609124183655,2293,2400,2604,107,0.01,0.002,5628,56
49.73420572280884,2295,2400,2614,105,0.01,0.002,5628,56
49.842257499694824,2300,2400,2624,100,0.01,0.002,5625,56
49.950257539749146,2292,2400,2635,108,0.01,0.002,5635,56
50.05825757980347,2304,2400,2645,96,0.01,0.002,5625,56
50.16548824310303,2345,2400,2650,55,0.01,0.002,5585,56
50.27378273010254,2297,2400,2661,103,0.01,0.002,5635,56
50.38178277015686,2297,2400,2671,103,0.01,0.002,5637,56
50.48978281021118,2300,2400,2681,100,0.01,0.002,5636,56
50.597782611846924,2295,2400,2691,105,0.01,0.002,5643,56
50.705782890319824,2300,2400,2701,100,0.01,0.002,5640,56
50.813783407211304,2300,2400,2711,100,0.01,0.002,5642,56
50.92178273200989,2297,2400,2722,103,0.01,0.002,5647,56
51.02978277206421,2298,2400,2732,102,0.01,0.002,5648,56
51.13778781890869,2301,2400,2742,99,0.01,0.002,5647,56
51.24538469314575,2301,2400,2752,99,0.01,0.002,5649,56
51.35338544845581,2309,2400,2761,91,0.01,0.002,5643,56
51.461384773254395,2301,2400,2771,99,0.01,0.002,5653,57
51.569737911224365,2308,2400,2780,92,0.01,0.002,5648,56
51.67674016952515,2302,2400,2790,98,0.01,0.002,5656,57
51.78528571128845,2310,2400,2799,90,0.01,0.002,5650,56
51.89260220527649,2305,2400,2808,95,0.01,0.002,5657,57
52.00060224533081,2301,2400,2818,99,0.01,0.002,5663,57
52.10860300064087,2308,2400,2827,92,0.01,0.002,5658,57
52.21660232543945,2313,2400,2836,87,0.01,0.002,5654,57
52.324602365493774,2332,2400,2843,68,0.01,0.002,5637,56
52.432602405548096,2314,2400,2851,86,0.01,0.002,5656,57
52.54060220718384,2309,2400,2860,91,0.01,0.002,5663,57
52.64860224723816,2309,2400,2870,91,0.01,0.002,5665,57
52.75662422180176,2314,2400,2878,86,0.01,0.002,5662,57
52.86462616920471,2314,2400,2887,86,0.01,0.002,5663,57
52.972623109817505,2317,2400,2895,83,0.01,0.002,5662,57
53.08062267303467,2311,2400,2904,89,0.01,0.002,5670,57
53.18862247467041,2320,2400,2912,80,0.01,0.002,5663,57
53.296340227127075,2310,2400,2921,90,0.01,0.002,5674,57
53.40474534034729,2313,2400,2930,87,0.01,0.002,5673,57
53.51214528083801,2321,2400,2938,79,0.01,0.002,5667,57
53.62014603614807,2313,2400,2946,87,0.01,0.002,5676,57
53.72789525985718,2306,2400,2956,94,0.01,0.002,5685,57
53.83589506149292,2312,2048,2929,-264,0.01,0.002,5322,53
53.943899631500244,2309,2048,2903,-261,0.01,0.002,5320,53
54.051894664764404,2333,2048,2875,-285,0.01,0.002,5290,53
54.159894704818726,2276,2048,2852,-228,0.01,0.002,5342,53
54.26789474487305,2269,2048,2830,-221,0.01,0.002,5345,53
54.37589478492737,2269,2048,2808,-221,0.01,0.002,5341,53
54.48390984535217,2252,2048,2787,-204,0.01,0.002,5354,54
54.591909646987915,2252,2048,2767,-204,0.01,0.002,5349,53
54.69990944862366,2233,2048,2748,-185,0.01,0.002,5365,54
54.80790948867798,2247,2048,2728,-199,0.01,0.002,5347,53
54.9159095287323,2243,2048,2709,-195,0.01,0.002,5347,53
55.024144887924194,2237,2048,2690,-189,0.01,0.002,5349,53
55.13161110877991,2231,2048,2672,-183,0.01,0.002,5351,54
55.23961019515991,2220,2048,2655,-172,0.01,0.002,5359,54
55.34761071205139,2218,2048,2638,-170,0.01,0.002,5358,54
55.455878019332886,2228,2048,2620,-180,0.01,0.002,5344,53
55.56388068199158,2224,2048,2602,-176,0.01,0.002,5345,53
55.6708779335022,2216,2048,2585,-168,0.01,0.002,5349,53
55.77887940406799,2208,2048,2569,-160,0.01,0.002,5354,54
55.88745665550232,2207,2048,2553,-159,0.01,0.002,5352,54
55.99545741081238,2210,2048,2537,-162,0.01,0.002,5346,53
56.10345697402954,2206,2048,2521,-158,0.01,0.002,5346,53
56.21145796775818,2218,2048,2504,-170,0.01,0.002,5331,53
56.3194580078125,2200,2048,2489,-152,0.01,0.002,5346,53
56.42745780944824,2196,2048,2474,-148,0.01,0.002,5347,53
56.534456729888916,2204,2048,2459,-156,0.01,0.002,5336,53
56.64270496368408,2199,2048,2444,-151,0.01,0.002,5338,53
56.75103759765625,2201,2048,2428,-153,0.01,0.002,5333,53
56.85903716087341,2196,2048,2413,-148,0.01,0.002,5335,53
56.96703767776489,2192,2048,2399,-144,0.01,0.002,5336,53
57.07503843307495,2196,2048,2384,-148,0.01,0.002,5329,53
57.182037591934204,2188,2048,2370,-140,0.01,0.002,5334,53
57.291038036346436,2196,2048,2355,-148,0.01,0.002,5323,53
57.398040771484375,2192,2048,2341,-144,0.01,0.002,5324,53
57.50609064102173,2156,2048,2330,-108,0.01,0.002,5358,54
57.6140923500061,2132,2048,2322,-84,0.01,0.002,5380,54
57.72209072113037,2188,2048,2308,-140,0.01,0.002,5322,53
57.83009147644043,2196,2048,2293,-148,0.01,0.002,5311,53
57.938661336898804,2198,2048,2278,-150,0.01,0.002,5306,53
58.045658349990845,2178,2048,2265,-130,0.01,0.002,5323,53
58.153695821762085,2182,2048,2252,-134,0.01,0.002,5316,53
58.26186275482178,2180,2048,2238,-132,0.01,0.002,5316,53
58.370219230651855,2176,2048,2226,-128,0.01,0.002,5317,53
58.478222608566284,2187,2048,2212,-139,0.01,0.002,5303,53
58.58621907234192,2180,2048,2199,-132,0.01,0.002,5308,53
58.69321918487549,2177,2048,2186,-129,0.01,0.002,5308,53
58.80221915245056,2182,2048,2172,-134,0.01,0.002,5301,53
58.90921926498413,2182,2048,2159,-134,0.01,0.002,5298,53
59.01721906661987,2176,2048,2146,-128,0.01,0.002,5301,53
59.12522006034851,2185,2048,2132,-137,0.01,0.002,5290,53
59.233219146728516,2182,2048,2119,-134,0.01,0.002,5290,53
59.34093713760376,2177,2048,2106,-129,0.01,0.002,5292,53
59.44893932342529,2176,2048,2093,-128,0.01,0.002,5291,53
59.55693697929382,2177,2048,2080,-129,0.01,0.002,5287,53
59.66505241394043,2172,2048,2068,-124,0.01,0.002,5290,53
59.773051500320435,2172,2048,2056,-124,0.01,0.002,5287,53
59.88120174407959,2169,2048,2044,-121,0.01,0.002,5288,53
59.9895703792572,2168,2048,2032,-120,0.01,0.002,5286,53
60.09657049179077,2174,2048,2019,-126,0.01,0.002,5278,53
60.205570459365845,2164,2048,2007,-116,0.01,0.002,5286,53
60.31257081031799,2181,2048,1994,-133,0.01,0.002,5266,53
60.420570611953735,2172,2048,1982,-124,0.01,0.002,5272,53
60.52867817878723,2161,2048,1970,-113,0.01,0.002,5281,53
60.636677980422974,2165,2048,1959,-117,0.01,0.002,5275,53
60.74501824378967,2161,2048,1947,-113,0.01,0.002,5277,53
60.853017807006836,2165,2048,1936,-117,0.01,0.002,5270,53
60.96101784706116,2177,2048,1923,-129,0.01,0.002,5256,53
61.06901788711548,2173,2048,1910,-125,0.01,0.002,5257,53
61.17701840400696,2160,2048,1899,-112,0.01,0.002,5268,53
61.28501868247986,2165,2048,1887,-117,0.01,0.002,5261,53
61.39201760292053,2160,2048,1876,-112,0.01,0.002,5263,53
61.50018620491028,2165,2048,1864,-117,0.01,0.002,5256,53
61.608566999435425,2160,2048,1853,-112,0.01,0.002,5259,53
61.71656823158264,2159,2048,1842,-111,0.01,0.002,5258,53
61.82384753227234,2157,2048,1831,-109,0.01,0.002,5257,53
61.931848764419556,2157,2048,1820,-109,0.01,0.002,5255,53
62.0398473739624,2153,2048,1810,-105,0.01,0.002,5257,53
62.14784646034241,2161,2048,1799,-113,0.01,0.002,5247,52
62.25584602355957,2156,2048,1788,-108,0.01,0.002,5250,52
62.36441397666931,2153,2048,1777,-105,0.01,0.002,5251,53
62.472413539886475,2157,2048,1766,-109,0.01,0.002,5244,52
62.580413818359375,2159,2048,1755,-111,0.01,0.002,5240,52
62.687416791915894,2149,2048,1745,-101,0.01,0.002,5248,52
62.795432329177856,2281,2048,1722,-233,0.01,0.002,5111,51
62.903433084487915,2149,2048,1712,-101,0.01,0.002,5241,52
63.01144027709961,2153,2048,1701,-105,0.01,0.002,5235,52
63.1197030544281,2149,2048,1691,-101,0.01,0.002,5237,52
63.22812581062317,2149,2048,1681,-101,0.01,0.002,5235,52
63.33512783050537,2141,2048,1672,-93,0.01,0.002,5241,52
63.443127155303955,2148,2048,1662,-100,0.01,0.002,5232,52
63.551127195358276,2145,2048,1652,-97,0.01,0.002,5234,52
63.659125566482544,2145,2048,1642,-97,0.01,0.002,5232,52
63.767125844955444,2145,2048,1633,-97,0.01,0.002,5230,52
63.875126123428345,2144,2048,1623,-96,0.01,0.002,5229,52
63.98308253288269,2144,2048,1613,-96,0.01,0.002,5227,52
64.09108233451843,2148,2048,1603,-100,0.01,0.002,5221,52
64.19908261299133,2145,2048,1594,-97,0.01,0.002,5222,52
64.30712556838989,2133,2048,1585,-85,0.01,0.002,5232,52
64.41486287117004,2149,2048,1575,-101,0.01,0.002,5214,52
64.52286219596863,2145,2048,1565,-97,0.01,0.002,5216,52
64.63086223602295,2141,2048,1556,-93,0.01,0.002,5218,52
64.73916888237,2140,2048,1547,-92,0.01,0.002,5217,52
64.84670686721802,2141,2048,1538,-93,0.01,0.002,5215,52
64.95470666885376,2143,2048,1528,-95,0.01,0.002,5211,52
65.06270670890808,2140,2048,1519,-92,0.01,0.002,5212,52
65.17070651054382,2148,2048,1509,-100,0.01,0.002,5202,52
65.2787082195282,2140,2048,1500,-92,0.01,0.002,5208,52
65.3867073059082,2133,2048,1491,-85,0.01,0.002,5213,52
65.4947075843811,2135,2048,1483,-87,0.01,0.002,5210,52
65.60270690917969,2128,2048,1475,-80,0.01,0.002,5215,52
65.71070694923401,2137,2048,1466,-89,0.01,0.002,5204,52
65.81870722770691,2135,2048,1457,-87,0.01,0.002,5204,52
65.9267065525055,2144,2048,1447,-96,0.01,0.002,5194,52
66.03464436531067,2135,2048,1439,-87,0.01,0.002,5201,52
66.14264392852783,2137,2048,1430,-89,0.01,0.002,5197,52
66.25064492225647,2129,2048,1422,-81,0.01,0.002,5203,52
66.35794043540955,2128,2048,1414,-80,0.01,0.002,5203,52
66.46566462516785,2134,2048,1405,-86,0.01,0.002,5195,52
66.5736677646637,2128,2048,1397,-80,0.01,0.002,5200,52
66.6816680431366,2141,2048,1388,-93,0.01,0.002,5185,52
66.78966784477234,2129,2048,1380,-81,0.01,0.002,5195,52
66.89766812324524,2129,2048,1372,-81,0.01,0.002,5193,52
67.00567054748535,2137,2048,1363,-89,0.01,0.002,5184,52
67.1136691570282,2131,2048,1354,-83,0.01,0.002,5188,52
67.2216682434082,2140,2048,1345,-92,0.01,0.002,5177,52
67.32966780662537,2132,2048,1337,-84,0.01,0.002,5183,52
67.43766784667969,2120,2048,1330,-72,0.01,0.002,5194,52
67.54567193984985,2125,2048,1322,-77,0.01,0.002,5187,52
67.65366792678833,2129,2048,1314,-81,0.01,0.002,5182,52
67.76166820526123,2125,2048,1306,-77,0.01,0.002,5184,52
67.86966824531555,2118,2048,1299,-70,0.01,0.002,5190,52
67.9773895740509,2129,2048,1291,-81,0.01,0.002,5177,52
68.085440158844,2170,2048,1279,-122,0.01,0.002,5134,51
68.19304513931274,2116,2048,1272,-68,0.01,0.002,5186,52
68.30104541778564,2114,2048,1265,-66,0.01,0.002,5187,52
68.40904545783997,2121,2048,1258,-73,0.01,0.002,5179,52
68.51682925224304,2128,2048,1250,-80,0.01,0.002,5170,52
68.62482810020447,2125,2048,1242,-77,0.01,0.002,5172,52
68.73331046104431,2127,2048,1234,-79,0.01,0.002,5168,52
68.84130930900574,2120,2048,1227,-72,0.01,0.002,5174,52
68.94930911064148,2118,2048,1220,-70,0.01,0.002,5174,52
69.05730938911438,2148,2048,1210,-100,0.01,0.002,5142,51
69.16530919075012,2117,2048,1203,-69,0.01,0.002,5172,52
69.27330899238586,2119,2048,1196,-71,0.01,0.002,5168,52
69.3813087940216,2110,2048,1190,-62,0.01,0.002,5176,52
69.4893090724945,2121,2048,1183,-73,0.01,0.002,5164,52
69.59652161598206,2116,2048,1176,-68,0.01,0.002,5167,52
69.70528435707092,2116,2048,1169,-68,0.01,0.002,5166,52
69.81228828430176,2114,2048,1163,-66,0.01,0.002,5167,52
69.92028427124023,2121,2048,1155,-73,0.01,0.002,5158,52
70.02828407287598,2109,2048,1149,-61,0.01,0.002,5169,52
70.13628435134888,2119,2048,1142,-71,0.01,0.002,5158,52
70.24451041221619,2110,2048,1136,-62,0.01,0.002,5165,52
70.35251474380493,2112,2048,1129,-64,0.01,0.002,5162,52
70.46051406860352,2108,2048,1123,-60,0.01,0.002,5165,52
70.5685133934021,2114,2048,1117,-66,0.01,0.002,5157,52
70.676513671875,2113,2048,1110,-65,0.01,0.002,5157,52
70.78430557250977,2108,2048,1104,-60,0.01,0.002,5161,52
70.89232182502747,2123,2048,1097,-75,0.01,0.002,5144,51
70.99995398521423,2118,2048,1090,-70,0.01,0.002,5148,51
71.10795402526855,2110,2048,1084,-62,0.01,0.002,5155,52
71.21624684333801,2115,2048,1077,-67,0.01,0.002,5148,51
71.32425260543823,2114,2048,1070,-66,0.01,0.002,5148,51
71.43225312232971,2116,2048,1064,-68,0.01,0.002,5145,51
71.5399215221405,2117,2048,1057,-69,0.01,0.002,5142,51
71.64791965484619,2113,2048,1050,-65,0.01,0.002,5145,51
71.7559187412262,2103,2048,1045,-55,0.01,0.002,5154,52
71.86350393295288,2102,2048,1039,-54,0.01,0.002,5154,52
71.97123670578003,2106,2048,1033,-58,0.01,0.002,5149,51
72.07930254936218,2105,2048,1028,-57,0.01,0.002,5149,51
72.18725872039795,2115,2048,1021,-67,0.01,0.002,5137,51
72.29554224014282,2111,2048,1015,-63,0.01,0.002,5140,51
72.40332531929016,2106,2048,1009,-58,0.01,0.002,5144,51
72.51097702980042,2105,2048,1003,-57,0.01,0.002,5144,51
72.61883592605591,2111,2048,997,-63,0.01,0.002,5136,51
72.72690939903259,2107,2048,991,-59,0.01,0.002,5139,51
72.83470320701599,2109,2048,985,-61,0.01,0.002,5136,51
72.94355583190918,2103,2048,979,-55,0.01,0.002,5141,51
73.05144667625427,2115,2048,973,-67,0.01,0.002,5128,51
73.1594467163086,2111,2048,966,-63,0.01,0.002,5130,51
73.26744627952576,2111,2048,960,-63,0.01,0.002,5129,51
73.37544846534729,2111,2048,954,-63,0.01,0.002,5128,51
73.48288059234619,2103,2048,948,-55,0.01,0.002,5135,51
73.59088182449341,2105,2048,943,-57,0.01,0.002,5132,51
73.69888234138489,2105,2048,937,-57,0.01,0.002,5130,51
73.80688142776489,2101,2048,932,-53,0.01,0.002,5133,51
73.91488099098206,2111,2048,925,-63,0.01,0.002,5122,51
74.0228807926178,2103,2048,920,-55,0.01,0.002,5129,51
74.13088059425354,2108,2048,914,-60,0.01,0.002,5123,51
74.23888063430786,2105,2048,908,-57,0.01,0.002,5125,51
74.34688186645508,2100,2048,903,-52,0.01,0.002,5129,51
74.45417284965515,2101,2048,898,-53,0.01,0.002,5127,51
74.56268215179443,2109,2048,892,-61,0.01,0.002,5117,51
74.67068123817444,2099,2048,886,-51,0.01,0.002,5126,51
74.77768158912659,2053,2048,886,-5,0.01,0.002,5172,52
74.88668179512024,2108,2048,880,-60,0.01,0.002,5116,51
74.99446821212769,2105,2048,874,-57,0.01,0.002,5118,51
75.10246872901917,2100,2048,869,-52,0.01,0.002,5122,51
75.21046829223633,2100,2048,864,-52,0.01,0.002,5121,51
75.31746864318848,2097,2048,859,-49,0.01,0.002,5123,51
75.4258201122284,2101,2048,854,-53,0.01,0.002,5118,51
75.53394842147827,2101,2048,848,-53,0.01,0.002,5117,51
75.64194774627686,2117,2048,841,-69,0.01,0.002,5099,51
75.74994778633118,2097,2048,837,-49,0.01,0.002,5118,51
75.85733151435852,2097,2048,832,-49,0.01,0.002,5117,51
75.96533155441284,2096,2048,827,-48,0.01,0.002,5117,51
76.07354307174683,2100,2048,822,-52,0.01,0.002,5112,51
76.18194699287415,2088,2048,818,-40,0.01,0.002,5124,51
76.28994631767273,2092,2048,813,-44,0.01,0.002,5119,51
76.39694666862488,2100,2048,808,-52,0.01,0.002,5110,51
76.50494742393494,2096,2048,803,-48,0.01,0.002,5113,51
76.61294794082642,2100,2048,798,-52,0.01,0.002,5108,51
76.72141361236572,2093,2048,794,-45,0.01,0.002,5114,51
76.8294129371643,2101,2048,788,-53,0.01,0.002,5105,51
76.93741226196289,2095,2048,784,-47,0.01,0.002,5110,51
77.04508233070374,2088,2048,780,-40,0.01,0.002,5116,51
77.15308260917664,2090,2048,775,-42,0.01,0.002,5113,51
77.26108288764954,2092,2048,771,-44,0.01,0.002,5110,51
77.36908221244812,2090,2048,767,-42,0.01,0.002,5111,51
77.47750163078308,2090,2048,763,-42,0.01,0.002,5111,51
77.58550143241882,2100,2048,757,-52,0.01,0.002,5100,51
77.6928141117096,2064,2048,756,-16,0.01,0.002,5135,51
77.80120968818665,2089,2048,752,-41,0.01,0.002,5109,51
77.90920853614807,2096,2048,747,-48,0.01,0.002,5101,51
78.01721000671387,2092,2048,742,-44,0.01,0.002,5105,51
78.12420892715454,2100,2048,737,-52,0.01,0.002,5096,51
78.23220896720886,2096,2048,732,-48,0.01,0.002,5099,51
78.34020924568176,2104,2048,727,-56,0.01,0.002,5089,51
78.44820857048035,2089,2048,723,-41,0.01,0.002,5104,51
78.55620861053467,2092,2048,718,-44,0.01,0.002,5100,51
78.66420912742615,2087,2048,714,-39,0.01,0.002,5104,51
78.77249813079834,2086,2048,711,-38,0.01,0.002,5104,51
78.88049864768982,2088,2048,707,-40,0.01,0.002,5101,51
78.98849749565125,2096,2048,702,-48,0.01,0.002,5092,51
79.09649753570557,2082,2048,698,-34,0.01,0.002,5106,51
79.20449757575989,2090,2048,694,-42,0.01,0.002,5097,51
79.31195163726807,2092,2048,690,-44,0.01,0.002,5094,51
79.42033529281616,2085,2048,686,-37,0.01,0.002,5100,51
79.52833485603333,2084,2048,683,-36,0.01,0.002,5101,51
79.63633465766907,2090,2048,678,-42,0.01,0.002,5094,51
79.74433517456055,2084,2048,675,-36,0.01,0.002,5099,51
79.85238194465637,2088,2048,671,-40,0.01,0.002,5094,51
79.96038341522217,2088,2048,667,-40,0.01,0.002,5093,51
80.0682864189148,2090,2048,663,-42,0.01,0.002,5091,51
80.1762866973877,2086,2048,659,-38,0.01,0.002,5094,51
80.28428506851196,2084,2048,655,-36,0.01,0.002,5095,51
80.39128518104553,2080,2048,652,-32,0.01,0.002,5098,51
80.49928522109985,2085,2048,648,-37,0.01,0.002,5093,51
80.60760593414307,2093,2048,644,-45,0.01,0.002,5084,51
80.71560597419739,2085,2048,640,-37,0.01,0.002,5091,51
80.82360601425171,2088,2048,636,-40,0.01,0.002,5087,51
80.93161201477051,2081,2048,633,-33,0.01,0.002,5094,51
81.03907775878906,2093,2048,628,-45,0.01,0.002,5081,51
81.14707899093628,2078,2048,625,-30,0.01,0.002,5095,51
81.25534677505493,2082,2048,622,-34,0.01,0.002,5090,51
81.36360573768616,2080,2048,619,-32,0.01,0.002,5092,51
81.47160482406616,2085,2048,615,-37,0.01,0.002,5086,51
81.57960557937622,2082,2048,612,-34,0.01,0.002,5088,51
81.68760514259338,2070,2048,609,-22,0.01,0.002,5100,51
81.79523420333862,2092,2048,605,-44,0.01,0.002,5077,51
81.90323448181152,2082,2048,602,-34,0.01,0.002,5086,51
82.01123452186584,2082,2048,598,-34,0.01,0.002,5086,51
82.11923456192017,2082,2048,595,-34,0.01,0.002,5085,51
82.22723436355591,2084,2048,591,-36,0.01,0.002,5082,51
82.33523535728455,2082,2048,588,-34,0.01,0.002,5084,51
82.44325184822083,2084,2048,584,-36,0.01,0.002,5081,51
82.55053329467773,2082,2048,581,-34,0.01,0.002,5082,51
82.65885090827942,2078,2048,578,-30,0.01,0.002,5086,51
82.76687693595886,2082,2048,574,-34,0.01,0.002,5081,51
82.87488079071045,2084,2048,571,-36,0.01,0.002,5078,51
82.98288774490356,2082,2048,567,-34,0.01,0.002,5080,51
83.09081935882568,2080,2048,564,-32,0.01,0.002,5081,51
83.19881892204285,2116,2048,557,-68,0.01,0.002,5044,50
83.30681920051575,2081,2048,554,-33,0.01,0.002,5078,51
83.41472101211548,2082,2048,551,-34,0.01,0.002,5076,51
83.52272605895996,2081,2048,547,-33,0.01,0.002,5077,51
83.63007712364197,2098,2048,542,-50,0.01,0.002,5059,51
83.73807692527771,2074,2048,540,-26,0.01,0.002,5082,51
83.84607744216919,2078,2048,537,-30,0.01,0.002,5077,51
83.9540786743164,2079,2048,534,-31,0.01,0.002,5076,51
84.06207704544067,2081,2048,530,-33,0.01,0.002,5073,51
84.17062044143677,2085,2048,527,-37,0.01,0.002,5068,51
84.2779529094696,2080,2048,523,-32,0.01,0.002,5073,51
84.38595294952393,2111,2048,517,-63,0.01,0.002,5041,50
84.49395608901978,2072,2048,515,-24,0.01,0.002,5079,51
84.60195302963257,2086,2048,511,-38,0.01,0.002,5064,51
84.70995330810547,2071,2048,509,-23,0.01,0.002,5079,51
84.81795287132263,2072,2048,506,-24,0.01,0.002,5077,51
84.92595291137695,2079,2048,503,-31,0.01,0.002,5070,51
85.03346037864685,2070,2048,501,-22,0.01,0.002,5078,51
85.14146065711975,2076,2048,498,-28,0.01,0.002,5072,51
85.24999594688416,2074,2048,496,-26,0.01,0.002,5073,51
85.35799622535706,2080,2048,492,-32,0.01,0.002,5067,51
85.4659960269928,2077,2048,489,-29,0.01,0.002,5069,51
85.5739974975586,2081,2048,486,-33,0.01,0.002,5064,51
85.68130660057068,2077,2048,483,-29,0.01,0.002,5068,51
85.78950667381287,2106,2048,477,-58,0.01,0.002,5038,50
85.8978226184845,2084,2048,474,-36,0.01,0.002,5059,51
86.0058217048645,2073,2048,471,-25,0.01,0.002,5069,51
86.11282205581665,2070,2048,469,-22,0.01,0.002,5072,51
86.22082138061523,2074,2048,467,-26,0.01,0.002,5067,51
86.32982325553894,2073,2048,464,-25,0.01,0.002,5068,51
86.43682169914246,2071,2048,462,-23,0.01,0.002,5069,51
86.54482173919678,2072,2048,459,-24,0.01,0.002,5068,51
86.6531150341034,2079,2048,456,-31,0.01,0.002,5060,51
86.76111507415771,2076,2048,453,-28,0.01,0.002,5063,51
86.86877727508545,2068,2048,451,-20,0.01,0.002,5070,51
86.97677636146545,2080,2048,448,-32,0.01,0.002,5058,51
87.08506274223328,2077,2048,445,-29,0.01,0.002,5060,51
87.19306254386902,2077,2048,442,-29,0.01,0.002,5060,51
87.30097389221191,2081,2048,439,-33,0.01,0.002,5055,51
87.40919017791748,2068,2048,437,-20,0.01,0.002,5068,51
87.51652336120605,2077,2048,434,-29,0.01,0.002,5058,51
87.62452292442322,2066,2048,432,-18,0.01,0.002,5069,51
87.73235607147217,2068,2048,430,-20,0.01,0.002,5066,51
87.84035849571228,2072,2048,428,-24,0.01,0.002,5062,51
87.9484965801239,2068,2048,426,-20,0.01,0.002,5065,51
88.05649638175964,2071,2048,424,-23,0.01,0.002,5062,51
88.16449642181396,2070,2048,422,-22,0.01,0.002,5062,51
88.27250361442566,2073,2048,419,-25,0.01,0.002,5059,51
88.38049626350403,2071,2048,417,-23,0.01,0.002,5060,51
88.48849630355835,2068,2048,415,-20,0.01,0.002,5063,51
88.59649658203125,2070,2048,413,-22,0.01,0.002,5061,51
88.70449900627136,2076,2048,410,-28,0.01,0.002,5054,51
88.81249666213989,2070,2048,408,-22,0.01,0.002,5060,51
88.92049717903137,2081,2048,404,-33,0.01,0.002,5048,50
89.02774047851562,2068,2048,402,-20,0.01,0.002,5061,51
89.13618469238281,2070,2048,400,-22,0.01,0.002,5058,51
89.24418473243713,2076,2048,397,-28,0.01,0.002,5052,51
89.35218477249146,2070,2048,395,-22,0.01,0.002,5057,51
89.46024703979492,2066,2048,393,-18,0.01,0.002,5061,51
89.56824660301208,2076,2048,390,-28,0.01,0.002,5050,51
89.67615962028503,2076,2048,388,-28,0.01,0.002,5050,50
89.78415942192078,2064,2048,386,-16,0.01,0.002,5061,51
89.89171075820923,2073,2048,384,-25,0.01,0.002,5052,51
89.99970960617065,2070,2048,381,-22,0.01,0.002,5054,51
90.10787296295166,2072,2048,379,-24,0.01,0.002,5052,51
90.21587252616882,2068,2048,377,-20,0.01,0.002,5055,51
90.32387280464172,2070,2048,375,-22,0.01,0.002,5053,51
90.43087315559387,2068,2048,373,-20,0.01,0.002,5055,51
90.53987312316895,2068,2048,371,-20,0.01,0.002,5054,51
90.64716744422913,2064,2048,369,-16,0.01,0.002,5058,51
90.75504660606384,2066,2048,367,-18,0.01,0.002,5056,51
90.86304831504822,2076,2048,365,-28,0.01,0.002,5045,50
90.97104668617249,2068,2048,363,-20,0.01,0.002,5053,51
91.07904720306396,2069,2048,360,-21,0.01,0.002,5051,51
91.18704628944397,2069,2048,358,-21,0.01,0.002,5051,51
91.29504871368408,2060,2048,357,-12,0.01,0.002,5060,51
91.40304565429688,2081,2048,354,-33,0.01,0.002,5038,50
91.51104664802551,2064,2048,352,-16,0.01,0.002,5055,51
91.61911010742188,2071,2048,350,-23,0.01,0.002,5047,50
91.72711038589478,2065,2048,348,-17,0.01,0.002,5053,51
91.83510994911194,2075,2048,346,-27,0.01,0.002,5042,50
91.94311046600342,2070,2048,343,-22,0.01,0.002,5047,50
92.050546169281,2065,2048,342,-17,0.01,0.002,5051,51
92.1585464477539,2058,2048,341,-10,0.01,0.002,5058,51
92.26684260368347,2072,2048,338,-24,0.01,0.002,5044,50
92.37424111366272,2071,2048,336,-23,0.01,0.002,5044,50
92.48223900794983,2064,2048,334,-16,0.01,0.002,5051,51
92.59023857116699,2073,2048,332,-25,0.01,0.002,5041,50
92.69853258132935,2064,2048,330,-16,0.01,0.002,5050,51
92.80612206459045,2065,2048,329,-17,0.01,0.002,5049,50
92.91496562957764,2092,2048,324,-44,0.01,0.002,5021,50
93.02265906333923,2068,2048,322,-20,0.01,0.002,5045,50
93.1306586265564,2068,2048,320,-20,0.01,0.002,5044,50
93.23865866661072,2061,2048,319,-13,0.01,0.002,5051,51
93.34665870666504,2110,2048,313,-62,0.01,0.002,5001,50
93.45367789268494,2068,2048,311,-20,0.01,0.002,5042,50
93.56168270111084,2068,2048,309,-20,0.01,0.002,5042,50
93.67057967185974,2066,2048,307,-18,0.01,0.002,5043,50
93.77757859230042,2064,2048,305,-16,0.01,0.002,5045,50
93.88573336601257,2069,2048,303,-21,0.01,0.002,5040,50
93.99431657791138,2060,2048,302,-12,0.01,0.002,5048,50
94.10231637954712,2071,2048,300,-23,0.01,0.002,5037,50
94.21001076698303,2066,2048,298,-18,0.01,0.002,5042,50
94.31768488883972,2065,2048,296,-17,0.01,0.002,5042,50
94.4256865978241,2052,2048,296,-4,0.01,0.002,5055,51
94.53368473052979,2071,2048,293,-23,0.01,0.002,5036,50
94.64168572425842,2060,2048,292,-12,0.01,0.002,5047,50
94.74968695640564,2064,2048,291,-16,0.01,0.002,5042,50
94.85768485069275,2064,2048,289,-16,0.01,0.002,5042,50
94.96568465232849,2067,2048,287,-19,0.01,0.002,5039,50
95.07368493080139,2068,2048,285,-20,0.01,0.002,5037,50
95.1816873550415,2061,2048,284,-13,0.01,0.002,5044,50
95.28968501091003,2060,2048,283,-12,0.01,0.002,5045,50
95.3976845741272,2058,2048,282,-10,0.01,0.002,5046,50
95.50584101676941,2063,2048,280,-15,0.01,0.002,5041,50
95.61393189430237,2064,2048,279,-16,0.01,0.002,5040,50
95.72093081474304,2068,2048,277,-20,0.01,0.002,5035,50
95.82964754104614,2060,2048,275,-12,0.01,0.002,5043,50
95.93764591217041,2068,2048,273,-20,0.01,0.002,5035,50
96.04564619064331,2066,2048,272,-18,0.01,0.002,5036,50
96.15364670753479,2066,2048,270,-18,0.01,0.002,5036,50
96.26068449020386,2068,2048,268,-20,0.01,0.002,5034,50
96.36968493461609,2071,2048,265,-23,0.01,0.002,5030,50
96.47768545150757,2058,2048,264,-10,0.01,0.002,5043,50
96.58468461036682,2060,2048,263,-12,0.01,0.002,5041,50
96.69268441200256,2060,2048,262,-12,0.01,0.002,5041,50
96.80068445205688,2065,2048,260,-17,0.01,0.002,5035,50
96.90868544578552,2064,2048,259,-16,0.01,0.002,5036,50
97.016685962677,2065,2048,257,-17,0.01,0.002,5035,50
97.12482643127441,2064,2048,255,-16,0.01,0.002,5035,50
97.23298907279968,2061,2048,254,-13,0.01,0.002,5038,50
97.340989112854,2060,2048,253,-12,0.01,0.002,5039,50
97.44899129867554,2068,2048,251,-20,0.01,0.002,5030,50
97.55698943138123,2063,2048,249,-15,0.01,0.002,5035,50
97.66498899459839,2064,2048,248,-16,0.01,0.002,5034,50
97.77299308776855,2001,2048,253,47,0.01,0.002,5098,51
97.88098907470703,2061,2048,251,-13,0.01,0.002,5037,50
97.98831534385681,2068,2048,249,-20,0.01,0.002,5030,50
98.0963134765625,2058,2048,248,-10,0.01,0.002,5040,50
98.20431351661682,2064,2048,247,-16,0.01,0.002,5033,50
98.31231331825256,2058,2048,246,-10,0.01,0.002,5039,50
98.42043352127075,2061,2048,244,-13,0.01,0.002,5036,50
98.52843427658081,2061,2048,243,-13,0.01,0.002,5036,50
98.63650608062744,2037,2048,244,11,0.01,0.002,5060,51
98.74486231803894,2065,2048,242,-17,0.01,0.002,5032,50
98.85240817070007,2065,2048,241,-17,0.01,0.002,5031,50
98.9604082107544,2064,2048,239,-16,0.01,0.002,5032,50
99.06840825080872,2068,2048,237,-20,0.01,0.002,5028,50
99.17641019821167,2055,2048,236,-7,0.01,0.002,5040,50
99.28440856933594,2052,2048,236,-4,0.01,0.002,5043,50
99.39240860939026,2064,2048,234,-16,0.01,0.002,5031,50
99.50041127204895,2064,2048,233,-16,0.01,0.002,5031,50
99.60840892791748,2065,2048,231,-17,0.01,0.002,5029,50
99.71640968322754,2060,2048,230,-12,0.01,0.002,5034,50
99.82440829277039,2066,2048,228,-18,0.01,0.002,5028,50
99.93240857124329,2067,2048,226,-19,0.01,0.002,5026,50
100.0395896434784,2053,2048,226,-5,0.01,0.002,5040,50
100.14761424064636,2059,2048,225,-11,0.01,0.002,5034,50
100.25561428070068,2060,2048,223,-12,0.01,0.002,5033,50
100.36385560035706,2067,2048,222,-19,0.01,0.002,5025,50
100.47143197059631,2056,2048,221,-8,0.01,0.002,5036,50
100.58010530471802,2064,2048,219,-16,0.01,0.002,5028,50
100.68790483474731,2061,2048,218,-13,0.01,0.002,5031,50
100.79600524902344,2052,2048,217,-4,0.01,0.002,5040,50
100.90370154380798,2055,2048,217,-7,0.01,0.002,5036,50
101.01139807701111,2057,2048,216,-9,0.01,0.002,5034,50
101.11939811706543,2067,2048,214,-19,0.01,0.002,5024,50
101.22739815711975,2054,2048,213,-6,0.01,0.002,5037,50
101.33540034294128,2061,2048,212,-13,0.01,0.002,5030,50
101.44389605522156,2064,2048,210,-16,0.01,0.002,5026,50
101.55189657211304,2069,2048,208,-21,0.01,0.002,5021,50
101.6598961353302,2064,2048,207,-16,0.01,0.002,5025,50
101.76742124557495,2057,2048,206,-9,0.01,0.002,5032,50
101.87542009353638,2065,2048,204,-17,0.01,0.002,5024,50
101.98359417915344,2076,2048,201,-28,0.01,0.002,5012,50
102.0910873413086,2087,2048,197,-39,0.01,0.002,5001,50
102.19907140731812,2058,2048,196,-10,0.01,0.002,5029,50
102.3070719242096,1962,2048,205,86,0.01,0.002,5127,51
102.41476273536682,2057,2048,204,-9,0.01,0.002,5032,50
102.5227620601654,2064,2048,203,-16,0.01,0.002,5025,50
102.6312484741211,2054,2048,202,-6,0.01,0.002,5034,50
102.7392692565918,2109,2048,196,-61,0.01,0.002,4978,50
102.84731578826904,2016,2048,199,32,0.01,0.002,5072,51
102.9548270702362,2056,2048,198,-8,0.01,0.002,5032,50
103.06267094612122,2081,2048,195,-33,0.01,0.002,5006,50
103.17067074775696,2059,2048,194,-11,0.01,0.002,5028,50
103.27867150306702,2052,2048,193,-4,0.01,0.002,5035,50
103.3866708278656,2061,2048,192,-13,0.01,0.002,5026,50
103.49467134475708,2050,2048,192,-2,0.01,0.002,5036,50
103.60316252708435,2061,2048,191,-13,0.01,0.002,5025,50
103.71077060699463,2060,2048,189,-12,0.01,0.002,5026,50
103.81885933876038,2061,2048,188,-13,0.01,0.002,5025,50
103.92636847496033,2060,2048,187,-12,0.01,0.002,5025,50
104.03446769714355,2102,2048,182,-54,0.01,0.002,4982,50
104.14246797561646,2052,2048,181,-4,0.01,0.002,5032,50
104.25046801567078,2033,2048,183,15,0.01,0.002,5052,51
104.35882806777954,2057,2048,182,-9,0.01,0.002,5027,50
104.46682810783386,2076,2048,179,-28,0.01,0.002,5008,50
104.5748279094696,2048,2048,179,0,0.01,0.002,5036,50
104.68294548988342,2053,2048,178,-5,0.01,0.002,5031,50
104.79094886779785,2068,2048,176,-20,0.01,0.002,5015,50
104.89839816093445,2061,2048,175,-13,0.01,0.002,5022,50
105.0063989162445,2064,2048,174,-16,0.01,0.002,5019,50
105.11439919471741,2052,2048,173,-4,0.01,0.002,5031,50
105.22171831130981,2048,2048,173,0,0.01,0.002,5035,50
105.33021283149719,2061,2048,172,-13,0.01,0.002,5021,50
105.43821215629578,2065,2048,170,-17,0.01,0.002,5017,50
105.54593110084534,2068,2048,168,-20,0.01,0.002,5014,50
105.65393328666687,2056,2048,167,-8,0.01,0.002,5026,50
105.76193165779114,2061,2048,166,-13,0.01,0.002,5020,50
105.86999011039734,2057,2048,165,-9,0.01,0.002,5024,50
105.97798752784729,2054,2048,165,-6,0.01,0.002,5027,50
106.08598828315735,2061,2048,163,-13,0.01,0.002,5020,50
106.19398832321167,2053,2048,163,-5,0.01,0.002,5028,50
106.30198764801025,2065,2048,161,-17,0.01,0.002,5015,50
106.41026306152344,2097,2048,156,-49,0.01,0.002,4982,50
106.51777291297913,2057,2048,155,-9,0.01,0.002,5022,50
106.62577414512634,2059,2048,154,-11,0.01,0.002,5020,50
106.73377323150635,2053,2048,154,-5,0.01,0.002,5026,50
106.84218645095825,2050,2048,153,-2,0.01,0.002,5029,50
106.94966053962708,2045,2048,154,3,0.01,0.002,5034,50
107.05765986442566,2055,2048,153,-7,0.01,0.002,5024,50
107.1656596660614,2055,2048,152,-7,0.01,0.002,5024,50
107.2730622291565,2054,2048,152,-6,0.01,0.002,5024,50
107.38206195831299,2056,2048,151,-8,0.01,0.002,5022,50
107.49006175994873,2060,2048,150,-12,0.01,0.002,5018,50
107.59706234931946,2037,2048,151,11,0.01,0.002,5041,50
107.7050621509552,2060,2048,150,-12,0.01,0.002,5018,50
107.81324815750122,2050,2048,149,-2,0.01,0.002,5028,50
107.92124819755554,2060,2048,148,-12,0.01,0.002,5018,50
108.02903985977173,2054,2048,148,-6,0.01,0.002,5024,50
108.13705444335938,2055,2048,147,-7,0.01,0.002,5022,50
108.24505352973938,2056,2048,146,-8,0.01,0.002,5021,50
108.35305571556091,2053,2048,146,-5,0.01,0.002,5024,50
108.4614622592926,2063,2048,144,-15,0.01,0.002,5014,50
108.56869316101074,2053,2048,144,-5,0.01,0.002,5024,50
108.67669320106506,2052,2048,143,-4,0.01,0.002,5025,50
108.78469347953796,2057,2048,142,-9,0.01,0.002,5020,50
108.8926932811737,2056,2048,142,-8,0.01,0.002,5020,50
109.00069308280945,2055,2048,141,-7,0.01,0.002,5021,50
109.10869312286377,2053,2048,140,-5,0.01,0.002,5023,50
109.21717596054077,2060,2048,139,-12,0.01,0.002,5016,50
109.32517504692078,2054,2048,139,-6,0.01,0.002,5022,50
109.43259835243225,2060,2048,137,-12,0.01,0.002,5016,50
109.540598154068,2058,2048,136,-10,0.01,0.002,5017,50
109.64859819412231,2052,2048,136,-4,0.01,0.002,5023,50
109.75659728050232,2053,2048,135,-5,0.01,0.002,5022,50
109.86468148231506,2053,2048,135,-5,0.01,0.002,5022,50
109.97268199920654,2053,2048,134,-5,0.01,0.002,5022,50
110.07996392250061,2047,2048,135,1,0.01,0.002,5028,50
110.18861484527588,2052,2048,134,-4,0.01,0.002,5023,50
110.29661440849304,2092,2048,130,-44,0.01,0.002,4982,50
110.40420079231262,2061,2048,128,-13,0.01,0.002,5013,50
110.51219940185547,2055,2048,128,-7,0.01,0.002,5019,50
110.62062072753906,2060,2048,127,-12,0.01,0.002,5013,50
110.72772431373596,2052,2048,126,-4,0.01,0.002,5021,50
110.8357241153717,2048,2048,126,0,0.01,0.002,5025,50
110.94472455978394,2065,2048,124,-17,0.01,0.002,5008,50
111.05186295509338,2052,2048,124,-4,0.01,0.002,5021,50
111.15995717048645,2060,2048,123,-12,0.01,0.002,5013,50
111.2686595916748,2059,2048,122,-11,0.01,0.002,5013,50
111.37565922737122,2053,2048,121,-5,0.01,0.002,5019,50
111.48366022109985,2053,2048,121,-5,0.01,0.002,5019,50
111.59206128120422,2061,2048,119,-13,0.01,0.002,5011,50
111.69956398010254,2051,2048,119,-3,0.01,0.002,5021,50
111.8077392578125,2061,2048,118,-13,0.01,0.002,5011,50
111.91573977470398,2056,2048,117,-8,0.01,0.002,5016,50
112.02373886108398,2057,2048,116,-9,0.01,0.002,5014,50
112.1317389011383,2053,2048,116,-5,0.01,0.002,5018,50
112.23973870277405,2052,2048,115,-4,0.01,0.002,5019,50
112.34772849082947,2061,2048,114,-13,0.01,0.002,5010,50
112.45572853088379,2052,2048,114,-4,0.01,0.002,5019,50
112.56372857093811,2057,2048,113,-9,0.01,0.002,5014,50
112.67172932624817,2055,2048,112,-7,0.01,0.002,5015,50
112.77975296974182,2053,2048,111,-5,0.01,0.002,5017,50
112.88725113868713,2059,2048,110,-11,0.01,0.002,5011,50
112.99525117874146,2066,2048,109,-18,0.01,0.002,5004,50
113.10325121879578,2058,2048,108,-10,0.01,0.002,5012,50
113.21125102043152,2060,2048,106,-12,0.01,0.002,5009,50
113.31981873512268,2057,2048,105,-9,0.01,0.002,5012,50
113.42733907699585,2047,2048,106,1,0.01,0.002,5022,50
113.53533911705017,2057,2048,105,-9,0.01,0.002,5012,50
113.64284920692444,2055,2048,104,-7,0.01,0.002,5014,50
113.75084900856018,2049,2048,104,-1,0.01,0.002,5020,50
113.85884928703308,2047,2048,104,1,0.01,0.002,5022,50
113.96684908866882,2056,2048,103,-8,0.01,0.002,5013,50
114.07484912872314,2050,2048,103,-2,0.01,0.002,5019,50
114.18284964561462,2057,2048,102,-9,0.01,0.002,5012,50
114.29084920883179,2046,2048,102,2,0.01,0.002,5023,50
114.39884924888611,2057,2048,101,-9,0.01,0.002,5011,50
114.50684905052185,2047,2048,101,1,0.01,0.002,5021,50
114.61484980583191,2052,2048,101,-4,0.01,0.002,5016,50
114.7228491306305,2044,2048,101,4,0.01,0.002,5024,50
114.83086061477661,2046,2048,102,2,0.01,0.002,5022,50
114.93914413452148,2065,2048,100,-17,0.01,0.002,5003,50
115.0466160774231,2042,2048,101,6,0.01,0.002,5026,50
115.15461444854736,2053,2048,100,-5,0.01,0.002,5015,50
115.26261448860168,2060,2048,99,-12,0.01,0.002,5008,50
115.37061476707458,2060,2048,98,-12,0.01,0.002,5008,50
115.47827339172363,2053,2048,97,-5,0.01,0.002,5015,50
115.58627343177795,2049,2048,97,-1,0.01,0.002,5019,50
115.69427442550659,2051,2048,97,-3,0.01,0.002,5016,50
115.80227375030518,2052,2048,96,-4,0.01,0.002,5015,50
115.91027355194092,2029,2048,98,19,0.01,0.002,5039,50
116.01827478408813,2052,2048,98,-4,0.01,0.002,5016,50
116.12627339363098,2050,2048,98,-2,0.01,0.002,5018,50
116.2342734336853,2060,2048,96,-12,0.01,0.002,5007,50
116.34227347373962,2055,2048,96,-7,0.01,0.002,5012,50
116.45050311088562,2056,2048,95,-8,0.01,0.002,5011,50
116.55856013298035,2057,2048,94,-9,0.01,0.002,5010,50
116.66596531867981,2053,2048,94,-5,0.01,0.002,5014,50
116.77396512031555,2045,2048,94,3,0.01,0.002,5022,50
116.8819649219513,2050,2048,94,-2,0.01,0.002,5017,50
116.9899652004242,2052,2048,93,-4,0.01,0.002,5015,50
117.09802055358887,2055,2048,93,-7,0.01,0.002,5012,50
117.20601892471313,2052,2048,92,-4,0.01,0.002,5015,50
117.31401872634888,2044,2048,93,4,0.01,0.002,5023,50
117.4220187664032,2054,2048,92,-6,0.01,0.002,5012,50
117.53001880645752,2054,2048,91,-6,0.01,0.002,5012,50
117.63801383972168,2053,2048,91,-5,0.01,0.002,5013,50
117.74601554870605,2054,2048,90,-6,0.01,0.002,5012,50
117.85301423072815,2050,2048,90,-2,0.01,0.002,5016,50
117.96101427078247,2051,2048,90,-3,0.01,0.002,5015,50
118.06926465034485,2050,2048,90,-2,0.01,0.002,5016,50
118.17750406265259,2052,2048,89,-4,0.01,0.002,5014,50
118.28579807281494,2047,2048,89,1,0.01,0.002,5019,50
118.39379811286926,2053,2048,89,-5,0.01,0.002,5013,50
118.50179815292358,2054,2048,88,-6,0.01,0.002,5012,50
118.60980224609375,2052,2048,88,-4,0.01,0.002,5014,50
118.71779799461365,2061,2048,86,-13,0.01,0.002,5004,50
118.82479786872864,2050,2048,86,-2,0.01,0.002,5015,50
118.93279933929443,2057,2048,85,-9,0.01,0.002,5008,50
119.04079937934875,2057,2048,84,-9,0.01,0.002,5008,50
119.14879870414734,2055,2048,84,-7,0.01,0.002,5010,50
119.25720310211182,2049,2048,84,-1,0.01,0.002,5016,50
119.36520075798035,2047,2048,84,1,0.01,0.002,5018,50
119.47320342063904,2053,2048,83,-5,0.01,0.002,5012,50
119.58120322227478,2053,2048,83,-5,0.01,0.002,5012,50
119.68838739395142,2049,2048,83,-1,0.01,0.002,5016,50
119.79688501358032,2057,2048,82,-9,0.01,0.002,5007,50
119.90430426597595,2047,2048,82,1,0.01,0.002,5017,50
120.0123040676117,2052,2048,81,-4,0.01,0.002,5012,50
120.12030386924744,2052,2048,81,-4,0.01,0.002,5012,50
120.22830390930176,2049,2048,81,-1,0.01,0.002,5015,50
120.3363037109375,2054,2048,80,-6,0.01,0.002,5010,50
120.44430446624756,2047,2048,80,1,0.01,0.002,5017,50
120.55230116844177,2055,2048,80,-7,0.01,0.002,5009,50
120.66030192375183,2044,2048,80,4,0.01,0.002,5020,50
120.7681257724762,2051,2048,80,-3,0.01,0.002,5013,50
120.87612509727478,2053,2048,79,-5,0.01,0.002,5011,50
120.98412489891052,2057,2048,78,-9,0.01,0.002,5007,50
121.09212517738342,2050,2048,78,-2,0.01,0.002,5014,50
121.200124502182,2050,2048,78,-2,0.01,0.002,5014,50
121.30835366249084,2041,2048,79,7,0.01,0.002,5023,50
121.41640996932983,2045,2048,79,3,0.01,0.002,5019,50
121.52396965026855,2043,2048,80,5,0.01,0.002,5021,50
121.63196635246277,2049,2048,79,-1,0.01,0.002,5015,50
121.74028587341309,2047,2048,80,1,0.01,0.002,5017,50
121.84829139709473,2055,2048,79,-7,0.01,0.002,5009,50
121.95629143714905,2052,2048,78,-4,0.01,0.002,5012,50
122.06429028511047,2052,2048,78,-4,0.01,0.002,5012,50
122.17229056358337,2053,2048,78,-5,0.01,0.002,5011,50
122.2802894115448,2156,2048,67,-108,0.01,0.002,4905,49
122.38728976249695,2041,2048,67,7,0.01,0.002,5021,50
122.49528932571411,2048,2048,67,0,0.01,0.002,5014,50
122.60328936576843,2038,2048,68,10,0.01,0.002,5024,50
122.71134638786316,2053,2048,68,-5,0.01,0.002,5009,50
122.81985521316528,2054,2048,67,-6,0.01,0.002,5008,50
122.92699766159058,2046,2048,68,2,0.01,0.002,5016,50
123.0358555316925,1995,2048,73,53,0.01,0.002,5068,51
123.1433744430542,2053,2048,72,-5,0.01,0.002,5010,50
123.25137448310852,2049,2048,72,-1,0.01,0.002,5014,50
123.35937738418579,2049,2048,72,-1,0.01,0.002,5014,50
123.46737384796143,2055,2048,71,-7,0.01,0.002,5007,50
123.57511496543884,2057,2048,71,-9,0.01,0.002,5005,50
123.68311548233032,2071,2048,68,-23,0.01,0.002,4991,50
123.79111576080322,2042,2048,69,6,0.01,0.002,5020,50
123.89962363243103,2053,2048,68,-5,0.01,0.002,5009,50
124.00662326812744,2048,2048,68,0,0.01,0.002,5014,50
124.11462354660034,2046,2048,69,2,0.01,0.002,5016,50
124.2226231098175,2057,2048,68,-9,0.01,0.002,5005,50
124.3306233882904,2049,2048,68,-1,0.01,0.002,5013,50
124.43862247467041,2049,2048,67,-1,0.01,0.002,5013,50
124.54680562019348,2049,2048,67,-1,0.01,0.002,5013,50
124.65513467788696,2050,2048,67,-2,0.01,0.002,5012,50
124.7631368637085,2050,2048,67,-2,0.01,0.002,5011,50
124.8711347579956,2044,2048,67,4,0.01,0.002,5018,50
124.97913455963135,2053,2048,67,-5,0.01,0.002,5008,50
125.08713459968567,2057,2048,66,-9,0.01,0.002,5004,50
125.19513511657715,2048,2048,66,0,0.01,0.002,5013,50
125.30313563346863,2054,2048,65,-6,0.01,0.002,5007,50
125.41013741493225,2046,2048,66,2,0.01,0.002,5015,50
125.51813459396362,2051,2048,65,-3,0.01,0.002,5010,50
125.62617897987366,2069,2048,63,-21,0.01,0.002,4992,50
125.7341787815094,2048,2048,63,0,0.01,0.002,5013,50
125.8421790599823,2051,2048,63,-3,0.01,0.002,5010,50
125.95017862319946,2044,2048,63,4,0.01,0.002,5017,50
126.05832505226135,2048,2048,63,0,0.01,0.002,5013,50
126.16610264778137,2047,2048,63,1,0.01,0.002,5014,50
126.27461314201355,2052,2048,63,-4,0.01,0.002,5009,50
126.3816123008728,2049,2048,63,-1,0.01,0.002,5012,50
126.4896125793457,2047,2048,63,1,0.01,0.002,5014,50
126.59761190414429,2052,2048,63,-4,0.01,0.002,5009,50
126.7066125869751,2060,2048,61,-12,0.01,0.002,5000,50
126.8136146068573,2070,2048,59,-22,0.01,0.002,4990,50
126.92161226272583,2047,2048,59,1,0.01,0.002,5013,50
127.02961325645447,2047,2048,59,1,0.01,0.002,5013,50
127.1376121044159,2054,2048,59,-6,0.01,0.002,5006,50
127.24561166763306,2064,2048,57,-16,0.01,0.002,4996,50
127.35361313819885,2055,2048,56,-7,0.01,0.002,5004,50
127.46161389350891,2045,2048,57,3,0.01,0.002,5014,50
127.56961154937744,2047,2048,57,1,0.01,0.002,5012,50
127.67761254310608,2048,2048,57,0,0.01,0.002,5011,50
127.78518271446228,2049,2048,57,-1,0.01,0.002,5010,50
127.89315867424011,2053,2048,56,-5,0.01,0.002,5006,50
128.0012402534485,2044,2048,57,4,0.01,0.002,5015,50
128.10960626602173,2046,2048,57,2,0.01,0.002,5013,50
128.21768021583557,2054,2048,56,-6,0.01,0.002,5005,50
128.3257474899292,2049,2048,56,-1,0.01,0.002,5010,50
128.43374729156494,2049,2048,56,-1,0.01,0.002,5010,50
128.54074811935425,2048,2048,56,0,0.01,0.002,5011,50
128.64911079406738,2055,2048,55,-7,0.01,0.002,5004,50
128.75711631774902,2055,2048,55,-7,0.01,0.002,5004,50
128.86511087417603,2057,2048,54,-9,0.01,0.002,5002,50
128.97311115264893,2046,2048,54,2,0.01,0.002,5013,50
129.08087754249573,2041,2048,55,7,0.01,0.002,5018,50
129.18887662887573,2043,2048,55,5,0.01,0.002,5016,50
129.296893119812,2048,2048,55,0,0.01,0.002,5011,50
129.4052529335022,2045,2048,55,3,0.01,0.002,5014,50
129.51270294189453,2048,2048,55,0,0.01,0.002,5011,50
129.62087273597717,2047,2048,56,1,0.01,0.002,5012,50
129.72895407676697,2053,2048,55,-5,0.01,0.002,5006,50
129.83695316314697,2049,2048,55,-1,0.01,0.002,5010,50
129.94434785842896,2049,2048,55,-1,0.01,0.002,5010,50
130.05234789848328,2054,2048,54,-6,0.01,0.002,5005,50
130.1603741645813,2052,2048,54,-4,0.01,0.002,5007,50
130.26822423934937,2051,2048,54,-3,0.01,0.002,5008,50
130.37630438804626,2049,2048,53,-1,0.01,0.002,5010,50
130.48477458953857,2049,2048,53,-1,0.01,0.002,5010,50
130.5927746295929,2047,2048,53,1,0.01,0.002,5012,50
130.70073127746582,2042,2048,54,6,0.01,0.002,5017,50
130.80807971954346,2055,2048,53,-7,0.01,0.002,5004,50
130.91652297973633,2052,2048,53,-4,0.01,0.002,5007,50
131.0237352848053,2047,2048,53,1,0.01,0.002,5012,50
131.1321427822113,2048,2048,53,0,0.01,0.002,5011,50
131.23965215682983,2054,2048,52,-6,0.01,0.002,5005,50
131.34815788269043,2052,2048,52,-4,0.01,0.002,5007,50
131.4562406539917,2053,2048,52,-5,0.01,0.002,5005,50
131.56391549110413,2055,2048,51,-7,0.01,0.002,5003,50
131.67208695411682,2046,2048,51,2,0.01,0.002,5012,50
131.78017210960388,2047,2048,51,1,0.01,0.002,5011,50
131.88807702064514,2057,2048,50,-9,0.01,0.002,5001,50
131.9962499141693,2059,2048,49,-11,0.01,0.002,4999,50
132.10425090789795,2100,2048,44,-52,0.01,0.002,4957,50
132.2112500667572,2045,2048,44,3,0.01,0.002,5012,50
132.31925058364868,2045,2048,45,3,0.01,0.002,5012,50
132.427396774292,2052,2048,44,-4,0.01,0.002,5005,50
132.53539657592773,2052,2048,44,-4,0.01,0.002,5005,50
132.64370822906494,2044,2048,44,4,0.01,0.002,5013,50
132.75185823440552,2050,2048,44,-2,0.01,0.002,5007,50
132.85986280441284,2045,2048,44,3,0.01,0.002,5012,50
132.96786546707153,2052,2048,44,-4,0.01,0.002,5005,50
133.075697183609,2048,2048,44,0,0.01,0.002,5009,50
133.18369674682617,2048,2048,44,0,0.01,0.002,5009,50
133.2916965484619,2045,2048,44,3,0.01,0.002,5012,50
133.39870619773865,2045,2048,44,3,0.01,0.002,5012,50
133.50670671463013,2044,2048,45,4,0.01,0.002,5013,50
133.6157066822052,2042,2048,45,6,0.01,0.002,5015,50
133.72370719909668,2052,2048,45,-4,0.01,0.002,5005,50
133.8307065963745,2046,2048,45,2,0.01,0.002,5011,50
133.93919968605042,2048,2048,45,0,0.01,0.002,5009,50
134.04719710350037,2055,2048,45,-7,0.01,0.002,5002,50
134.15541052818298,2055,2048,44,-7,0.01,0.002,5002,50
134.26265358924866,2047,2048,44,1,0.01,0.002,5010,50
134.37097454071045,2049,2048,44,-1,0.01,0.002,5008,50
134.47897386550903,2049,2048,44,-1,0.01,0.002,5008,50
134.58699369430542,2044,2048,44,4,0.01,0.002,5013,50
134.69499492645264,2057,2048,43,-9,0.01,0.002,5000,50
134.80306601524353,2047,2048,43,1,0.01,0.002,5010,50
134.91106629371643,2048,2048,43,0,0.01,0.002,5009,50
135.01906609535217,2045,2048,44,3,0.01,0.002,5012,50
135.1270670890808,2053,2048,43,-5,0.01,0.002,5004,50
135.23506593704224,2050,2048,43,-2,0.01,0.002,5007,50
135.34206652641296,2047,2048,43,1,0.01,0.002,5010,50
135.45006608963013,2048,2048,43,0,0.01,0.002,5009,50
135.55806612968445,2046,2048,43,2,0.01,0.002,5011,50
135.66606616973877,2047,2048,43,1,0.01,0.002,5010,50
135.77410173416138,2046,2048,44,2,0.01,0.002,5011,50
135.8824017047882,2060,2048,42,-12,0.01,0.002,4997,50
135.99068880081177,2049,2048,42,-1,0.01,0.002,5008,50
136.0986888408661,2053,2048,42,-5,0.01,0.002,5003,50
136.20568919181824,2046,2048,42,2,0.01,0.002,5010,50
136.31371903419495,2042,2048,43,6,0.01,0.002,5015,50
136.4227192401886,2069,2048,40,-21,0.01,0.002,4987,50
136.5307195186615,2151,2048,30,-103,0.01,0.002,4903,49
136.63771843910217,2053,2048,30,-5,0.01,0.002,5001,50
136.7457308769226,2055,2048,29,-7,0.01,0.002,4999,50
136.85381436347961,2025,2048,31,23,0.01,0.002,5029,50
136.96185398101807,2045,2048,32,3,0.01,0.002,5009,50
137.0698537826538,2045,2048,32,3,0.01,0.002,5009,50
137.1778540611267,2052,2048,31,-4,0.01,0.002,5002,50
137.28585505485535,2050,2048,31,-2,0.01,0.002,5004,50
137.39385390281677,2048,2048,31,0,0.01,0.002,5006,50
137.50211334228516,2044,2048,32,4,0.01,0.002,5010,50
137.6096067428589,2045,2048,32,3,0.01,0.002,5009,50
137.7176067829132,2049,2048,32,-1,0.01,0.002,5005,50
137.82560682296753,2049,2048,32,-1,0.01,0.002,5005,50
137.93347239494324,2046,2048,32,2,0.01,0.002,5008,50
138.04147219657898,2046,2048,32,2,0.01,0.002,5009,50
138.14947366714478,2052,2048,32,-4,0.01,0.002,5002,50
138.25747227668762,2051,2048,31,-3,0.01,0.002,5003,50
138.36547207832336,2052,2048,31,-4,0.01,0.002,5002,50
138.47352242469788,2046,2048,31,2,0.01,0.002,5008,50
138.5816466808319,2045,2048,32,3,0.01,0.002,5009,50
138.68964743614197,2053,2048,31,-5,0.01,0.002,5001,50
138.79689192771912,2052,2048,31,-4,0.01,0.002,5002,50
138.90489196777344,2046,2048,31,2,0.01,0.002,5008,50
139.01289176940918,2049,2048,31,-1,0.01,0.002,5005,50
139.12077593803406,2052,2048,30,-4,0.01,0.002,5002,50
139.22918105125427,2048,2048,30,0,0.01,0.002,5006,50
139.3371820449829,2047,2048,30,1,0.01,0.002,5007,50
139.44518089294434,2044,2048,31,4,0.01,0.002,5010,50
139.55318117141724,2054,2048,30,-6,0.01,0.002,5000,50
139.66118121147156,2044,2048,31,4,0.01,0.002,5010,50
139.769184589386,2052,2048,30,-4,0.01,0.002,5002,50
139.8769655227661,2048,2048,30,0,0.01,0.002,5006,50
139.98496437072754,2052,2048,30,-4,0.01,0.002,5002,50
140.09296417236328,2059,2048,29,-11,0.01,0.002,4995,50
140.2009642124176,2053,2048,28,-5,0.01,0.002,5001,50
140.30896425247192,2047,2048,28,1,0.01,0.002,5007,50
140.41696405410767,2044,2048,29,4,0.01,0.002,5010,50
140.52499747276306,2046,2048,29,2,0.01,0.002,5008,50
140.6330008506775,2044,2048,29,4,0.01,0.002,5010,50
140.74022102355957,2053,2048,29,-5,0.01,0.002,5001,50
140.8485176563263,2045,2048,29,3,0.01,0.002,5009,50
140.9565191268921,2049,2048,29,-1,0.01,0.002,5005,50
141.0641965866089,2053,2048,29,-5,0.01,0.002,5001,50
141.17252850532532,2045,2048,29,3,0.01,0.002,5009,50
141.28052854537964,2047,2048,29,1,0.01,0.002,5007,50
141.3885281085968,2048,2048,29,0,0.01,0.002,5006,50
141.49652814865112,2058,2048,28,-10,0.01,0.002,4996,50
141.60452818870544,2056,2048,27,-8,0.01,0.002,4998,50
141.71252822875977,2048,2048,27,0,0.01,0.002,5006,50
141.8205280303955,2040,2048,28,8,0.01,0.002,5014,50
141.92852807044983,2049,2048,28,-1,0.01,0.002,5005,50
142.03653120994568,2053,2048,27,-5,0.01,0.002,5001,50
142.14352822303772,2047,2048,27,1,0.01,0.002,5007,50
142.25252866744995,2048,2048,27,0,0.01,0.002,5006,50
142.35975623130798,2049,2048,27,-1,0.01,0.002,5005,50
142.4681248664856,2049,2048,27,-1,0.01,0.002,5005,50
142.57612538337708,2048,2048,27,0,0.01,0.002,5006,50
142.68408513069153,2047,2048,27,1,0.01,0.002,5007,50
142.79211521148682,2044,2048,28,4,0.01,0.002,5010,50
142.9001123905182,2048,2048,28,0,0.01,0.002,5006,50
143.00811123847961,2047,2048,28,1,0.01,0.002,5007,50
143.11574125289917,2060,2048,27,-12,0.01,0.002,4993,50
143.22374176979065,2045,2048,27,3,0.01,0.002,5008,50
143.33174109458923,2044,2048,27,4,0.01,0.002,5010,50
143.4397418498993,2046,2048,28,2,0.01,0.002,5008,50
143.54774141311646,2053,2048,27,-5,0.01,0.002,5001,50
143.65574145317078,2180,2048,14,-132,0.01,0.002,4871,49
143.76374101638794,2052,2048,13,-4,0.01,0.002,4999,50
143.87174439430237,2045,2048,14,3,0.01,0.002,5006,50
143.97902607917786,2052,2048,13,-4,0.01,0.002,4999,50
144.08747673034668,2042,2048,14,6,0.01,0.002,5009,50
144.19547748565674,2053,2048,13,-5,0.01,0.002,4998,50
144.30338525772095,2043,2048,14,5,0.01,0.002,5008,50
144.41138553619385,2045,2048,14,3,0.01,0.002,5006,50
144.51938557624817,2045,2048,15,3,0.01,0.002,5006,50
144.6273853778839,2064,2048,13,-16,0.01,0.002,4987,50
144.73477387428284,2047,2048,13,1,0.01,0.002,5004,50
144.84279108047485,2047,2048,13,1,0.01,0.002,5004,50
144.9507896900177,2042,2048,14,6,0.01,0.002,5009,50
145.05878973007202,2044,2048,14,4,0.01,0.002,5007,50
145.16679000854492,2042,2048,15,6,0.01,0.002,5009,50
145.27479028701782,2044,2048,15,4,0.01,0.002,5007,50
145.38275122642517,2049,2048,15,-1,0.01,0.002,5002,50
145.4907522201538,2052,2048,15,-4,0.01,0.002,4999,50
145.5990240573883,2048,2048,15,0,0.01,0.002,5003,50
145.7065145969391,2044,2048,15,4,0.01,0.002,5007,50
145.81451892852783,2048,2048,15,0,0.01,0.002,5003,50
145.92251467704773,2049,2048,15,-1,0.01,0.002,5002,50
146.03051471710205,2049,2048,15,-1,0.01,0.002,5002,50
146.13851404190063,2046,2048,15,2,0.01,0.002,5005,50
146.24651408195496,2049,2048,15,-1,0.01,0.002,5002,50
146.3550169467926,2049,2048,15,-1,0.01,0.002,5002,50
146.46301794052124,2097,2048,10,-49,0.01,0.002,4953,50
146.57002067565918,2044,2048,10,4,0.01,0.002,5006,50
146.67801761627197,2040,2048,11,8,0.01,0.002,5010,50
146.7860176563263,2040,2048,12,8,0.01,0.002,5010,50
146.89490938186646,2053,2048,11,-5,0.01,0.002,4997,50
147.0024185180664,2045,2048,12,3,0.01,0.002,5005,50
147.1104176044464,2042,2048,12,6,0.01,0.002,5009,50
147.21874403953552,2056,2048,12,-8,0.01,0.002,4994,50
147.32643175125122,2045,2048,12,3,0.01,0.002,5005,50
147.4344322681427,2046,2048,12,2,0.01,0.002,5005,50
147.54212141036987,2046,2048,12,2,0.01,0.002,5005,50
147.65049481391907,2050,2048,12,-2,0.01,0.002,5001,50
147.75849318504333,2054,2048,11,-6,0.01,0.002,4996,50
147.8656256198883,2047,2048,12,1,0.01,0.002,5003,50
147.9738209247589,2038,2048,13,10,0.01,0.002,5013,50
148.08205938339233,2060,2048,11,-12,0.01,0.002,4990,50
148.1900589466095,2042,2048,12,6,0.01,0.002,5008,50
148.29792189598083,2039,2048,13,9,0.01,0.002,5012,50
148.40526151657104,2044,2048,13,4,0.01,0.002,5007,50
148.5137734413147,2045,2048,14,3,0.01,0.002,5006,50
148.62212872505188,2044,2048,14,4,0.01,0.002,5007,50
148.72933411598206,2045,2048,14,3,0.01,0.002,5006,50
148.83718156814575,2048,2048,14,0,0.01,0.002,5003,50
148.9460244178772,2053,2048,14,-5,0.01,0.002,4998,50
149.05407404899597,2049,2048,14,-1,0.01,0.002,5002,50
149.16146993637085,2052,2048,13,-4,0.01,0.002,4999,50
149.26917505264282,2047,2048,13,1,0.01,0.002,5004,50
149.3772327899933,2048,2048,13,0,0.01,0.002,5003,50
149.4850902557373,2053,2048,13,-5,0.01,0.002,4998,50
149.59346652030945,2044,2048,13,4,0.01,0.002,5007,50
149.70123171806335,2050,2048,13,-2,0.01,0.002,5001,50
149.80922722816467,2045,2048,13,3,0.01,0.002,5006,50
149.91725993156433,2045,2048,14,3,0.01,0.002,5006,50
150.02565455436707,2044,2048,14,4,0.01,0.002,5007,50
150.13319778442383,2052,2048,14,-4,0.01,0.002,4999,50
150.24097418785095,2045,2048,14,3,0.01,0.002,5006,50
150.3489511013031,2050,2048,14,-2,0.01,0.002,5001,50
150.45759081840515,2052,2048,13,-4,0.01,0.002,4999,50
150.56554889678955,2044,2048,14,4,0.01,0.002,5007,50
150.67351388931274,2044,2048,14,4,0.01,0.002,5007,50
150.78121495246887,2042,2048,15,6,0.01,0.002,5009,50
150.88923525810242,2044,2048,15,4,0.01,0.002,5007,50
150.99725580215454,2047,2048,15,1,0.01,0.002,5004,50
151.10537958145142,2057,2048,14,-9,0.01,0.002,4994,50
